"Codigo","Descricao","Dimensao","TemDim"
"S102","MESA INOX 430 1,90X070X0,85 LISA PRAT PERF","90X070","True"
"S1130","ESTANTE 430 4 PRAT  PERF DESM","","False"
"S1132","ESTANTE INOX 430 1,50 X 0,50 X 1,75 - C04 PRAT. PERF. DESM","","False"
"S1170","ESTANTE INOX 430 0,90X0,50X1,75 -4 P PERF","","False"
"S129","ESTANTE INOX 430 4 PLANOS LISOS 900X500X1750","900X500X1750","True"
"S130","ESTANTE INOX 430 4 PLANOS LISOS 1000X500X1750","1000X500X1750","True"
"S150002","FRITADEIRA ELETRICA FULL 23L 220V-CDIG-400X750X1100MM","400X750X1100","True"
"S150045","BASE DE APOIO TUBULAR PARA CONSERVADOR DE FRITURAS LA","","False"
"S150046","BASE DE APOIO TUBULAR LA 320X660x670 MM","320X660x670","True"
"S150047","BASE DE APOIO TUBULAR LA 620X660X670 MM","620X660X670","True"
"S150048","BASE DE APOIO TUBULAR LA 920X660x670 MM","920X660x670","True"
"S150049","BASE DE APOIO TUBULAR LA 1200X660X670 MM","1200X660X670","True"
"S150051","MODULO BASE ABERTO 720X600X650 MM","720X600X650","True"
"S150052","MODULO BASE ABERTO 1080X600X650 MM","1080X600X650","True"
"S150076","BANHO MARIA A GAS GN - 360X750X270 MM","360X750X270","True"
"S150093","CHAR BROILER A GAS LA-600MM","","False"
"S150103","MODULO NEUTRO 360 COM CUBA","","False"
"S150109","HEAT LAMP DUPLO SUSPENSO","","False"
"S150112","MODULO COMPLEMENTO ESCORREDOR P EMBALAGEM E SACHES C PRATELEIRAS","","False"
"S150114","CHAPA ELÉTRICA LA 300MM 300X680X325MM","300X680X325","True"
"S150115","CHAPA ELÉTRICA LA 600MM 600X680X325MM","600X680X325","True"
"S150116","CHAPA ELÉTRICA LA 900MM 900X680X325MM","900X680X325","True"
"S150117","FOGÃO ELÉTRICO LA 300mm 300X680X325mm","300X680X325","True"
"S150119","FOGÃO ELÉTRICO LA 900mm 900X680X325mm","900X680X325","True"
"S150120","CHAR BROILER ELÉTRICO LA 300mm 300X680X325","300X680X325","True"
"S150121","CHAR BROILER ELÉTRICO LA 600mm 600X680X325","600X680X325","True"
"S150122","CHAR BROILER ELÉTRICO LA 900mm 900X680X325","900X680X325","True"
"S150123","TAMPA PARA FRITADEIRA LINHA AMERICANA GÁS","","False"
"S150124","TAMPA PARA FRITADEIRA LINHA AMERICANA ELÉTRICA","","False"
"S150128","PEGADORDOSADOR DE BATATAS","","False"
"S150129","FRITADEIRA ELETRICA FULL 23L 220V LA - 400X750X1100MM","400X750X1100","True"
"S150130","FRITADEIRA ELETRICA SPLI 23L (11,5+11,5) 220V LA -400X750X1100MM","400X750X1100","True"
"S150131","CARRO FILTRO DE OLEO INOX 304 - 612X582X1013MM","612X582X1013","True"
"S150132","CHAPA ELÉTRICA LA 1200MM 1200X680X325MM","1200X680X325","True"
"S150133","CHAR BROILER ELÉTRICO LA 1200MM 1200X680X325MM","1200X680X325","True"
"S150134","CHAPA A GAS GLP LA 300MM 300X680X325MM","300X680X325","True"
"S150135","CHAR BROILER A GAS GLP LA 330MM 330X680X325MM","330X680X325","True"
"S150136","CHAPA A GAS GN LA 300MM 300X680X325MM","300X680X325","True"
"S150137","CHAR BROILER A GAS GN LA 330MM 330X680X325MM","330X680X325","True"
"S150139","BASE DE APOIO TUBULAR LA 470X660x670 MM","470X660x670","True"
"S150141","CHAR BROILER ELÉTRICO LA 600mm 600X680X325 MM 380 TRIFÁSICO","600X680X325","True"
"S150144","BASE DE APOIO TUBULAR LA 350X660X670 MM","350X660X670","True"
"S150145","CHAPA LA 600MM 600X680X325 C CONTROLADOR DE TEMPERATURA","600X680X325","True"
"S150149","CHAPA ELÉTRICA LA 1200MM 1200X680X325MM 380V","1200X680X325","True"
"S150153","CHURRASQUEIRA BRASEIRO GRILL MED. 255x750x326mm","255x750x326","True"
"S150157","FRITADEIRA ELETRICA 3 TANQUES 23L (7,6+7,6+7,6) 220V LA - 600X750X1200MM","600X750X1200","True"
"S150191","CHAPA BIFEIRA DE SOBREPOR P FOGAO INDUSTRIAL  - AÇO CARBONO 1020 - 420X880","420X880","True"
"S150201","CHAPA A GAS GLP L700 720X750X270MM","720X750X270","True"
"S150203","CHAPA ELETRICA L700 360X750X270MM 220V TRIF","360X750X270","True"
"S150207","CHAPA A GAS L700 720MM GN 720X750X270MM","720X750X270","True"
"S150251","CHAR BROILER A GAS L700 720 MM","","False"
"S150253","CHAIR BROILER ELETRICO L700 360X750X900mm 220V TRI F","360X750X900","True"
"S150254","CHAIR BROILER ELÉTRICO L700 720X750X900mm 220V TRI F","720X750X900","True"
"S150267","PRATELEIRA PERFURADA INOX REFRIGERACAO VERTICAL","","False"
"S150268","PRATELEIRA PERFURADA INOX REFRIGERACAO HORIZONTAL","","False"
"S150275","PRATELEIRA PERFURADA INOX 650x535","650x535","True"
"S150279","CONSERVADOR DE PROTEINAS INOX P 8 GNS PASS THRU- 920X368X377MM","920X368X377","True"
"S150304","CONSERVADOR DE PROTEINAS INOX PARA 8 GN'S DE ENCOSTO 900X368X377 MM","900X368X377","True"
"S150305","BANCADA DE APOIO P FORNO COMB. TAMPO CTO 900X800X700","900X800X700","True"
"S150321","FOGAO A GAS 4 QUEIMADORES L700 720 MM","","False"
"S150325","FOGAO INDUSTRIAL INOX 04 QD ENCOSTO 1000X1000X900","1000X1000X900","True"
"S150326","FOGAO INDUSTRIAL INOXIDAVEL O6 QD ENCOSTO - 1500X1000X900","1500X1000X900","True"
"S150327","FOGAO INDUSTRIAL INOX 08 QD ENCOSTO GÁS GLP 2000X1000X900","2000X1000X900","True"
"S150330","FOGAO INDUSTRIAL INOXIDÁVEL-430 08 QD CENTRO GÁS GLP 2000X1000X900","2000X1000X900","True"
"S150333","BANHO MARIA A GAS GLP INOX 1000X1000X900 MM","1000X1000X900","True"
"S150337","FORNO A GAS GLP 2 CAMARA INOX 850X900X1400MM","850X900X1400","True"
"S150340","FOGAO INDUSTRIAL INOX 02 QD ENCOSTO 1000X500X900","1000X500X900","True"
"S150341","CONSERVADOR DE  PROTEINAS INOX PARA 6GN'S DE ENCOSTO - 736X368X377 MM","736X368X377","True"
"S150342","CONSERVADOR DE  PROTEINAS PASS THRU INOX 715X368X377 MM","715X368X377","True"
"S150343","CONSERVADOR DE  PROTEINAS PARA 4 GN'S INOX 551x368x377 MM","551x368x377","True"
"S150347","TOSTADOR VERTICAL PARA PAES ANALOGICO INOX 430 500X250X560MM","500X250X560","True"
"S150361","CHAR BROILER A GAS GN LA 600MM 600X680X325MM","600X680X325","True"
"S150367","FOGAO ELETRICO 2 QUEIMADORES L700 220V 360X750X270MM","360X750X270","True"
"S150368","TOSTADOR VERTICAL PARA PAES DIGITAL INOX 430 - 500X250X560MM","500X250X560","True"
"S150374","CHAR BROILER HÍBRIDO A GAS GLP LA 600MM C GRELHA CHAPA E RASPADOR","","False"
"S150380","FOGAO INDUSTRIAL INOX 08 QD CENTRO GÁS GN 2000X1000X900","2000X1000X900","True"
"S150383","FOGAO A GAS GN 6 QUEIMADORES L700 1080MM","","False"
"S150384","CONSERVADOR DE PROTEINAS INOX 8GNS PASS THRU-920X368X377MM PAINEL DIGITAL","920X368X377","True"
"S150451","COZEDOR DE MASSA A GAS GLP L700 360MM","","False"
"S150521","COIFA DE ENCOSTO C FILTROS E ILUMINAÇÃO-304- 1260X900X450 MM","1260X900X450","True"
"S150524","COIFA DE ENCOSTO C- FILTROS E ILUMINAÇÃO - 304 - 2340X900X450MM","2340X900X450","True"
"S150526","COIFA DE ENCOSTO C- FILTROS E ILUMINAÇÃO - 304 - 3000X900X450MM","3000X900X450","True"
"S150610","COIFA DE ENCOSTO C FILTRO INOX 430 2340X900X450MM","2340X900X450","True"
"S150624","COIFA DE ENCOSTO C- FILTROS E ILUMINAÇÃO - 430 - 2340X900X450MM","2340X900X450","True"
"S150625","COIFA DE ENCOSTO CFILTROS E ILUMINACAO-430- 2700X900X450 MM","2700X900X450","True"
"S150626","COIFA DE ENCOSTO C FILTRO E ILUMINAÇÃO - 430 300X900X450MM","300X900X450","True"
"S150628","COIFA DE CENTRO SFILTROS-INOX-430 -1260X1100X450 MM","1260X1100X450","True"
"S150643","COIFA DE CENTRO CFILTROS E ILUMINACAO-430-1620X1100X450 MM","1620X1100X450","True"
"S150659","COIFA DE CENTRO CFILTROS DUPLOS-INOX-430- 3000X1800X450 MM","3000X1800X450","True"
"S150670","KIT PRATELEIRA GRADEADA REMOVIVEL PARA LINHA AMERICANA 600MM","","False"
"S150671","KIT PRATELEIRA GRADEADA REMOVIVEL PARA LINHA AMERICANA 900MM","","False"
"S150672","KIT PRATELEIRA GRADEADA REMOVÍVEL P LINHA AMERICANA 1200MM","","False"
"S150673","KIT SUPORTE PARA UTENSILIOS PARA LINHA AMERICANA 300MM","","False"
"S150674","KIT SUPORTE PARA UTENSILIOS PARA LINHA AMERICANA 600MM","","False"
"S150675","KIT SUPORTE PARA UTENSILIOS LINHA AMERICANA 900MM","","False"
"S150676","KIT SUPORTE PARA UTENSILIOS 1200MM","","False"
"S151001","ARMARIO DML 304 -100X500X1800","100X500X1800","True"
"S151050","NORI BOX INOX 304 240X240X140MM","240X240X140","True"
"S151052","SUSHICASE INOX 304 PORTAS DE CORRER 1500X320X290MM","1500X320X290","True"
"S151055","CAMARA DE MATURAÇÃO PARA PESCADOS INOX 304 700X800X2050MM","700X800X2050","True"
"S151056","REFRIGERADOR BASE ESQ. INOXIDAVELINOXIDAVEL-2 PORTAS L 700- 1380X700X655 MM","1380X700X655","True"
"S151057","CAMARA DE MATURAÇÃO PARA PESCADOS INOX 2 PORTS INT. 1400X800X2050MM","1400X800X2050","True"
"S152073","MESA DE ENTRADA-SAIDA MAQ LAVAR 304 1000X620X900","1000X620X900","True"
"S152211","BANCADA ENC L PRO PRAT LISA 304 1800X700X900","1800X700X900","True"
"S152650","BANCADA DE ENCOSTO PARA DESCASCADOR-700X700X500 MM","700X700X500","True"
"S152701","TAMPO LISO DE SOBREPOR 800X700X40","800X700X40","True"
"S152759","TAMPO LISO DE ENCOSTO L  PRO-304-1600X700X40 MM","1600X700X40","True"
"S153050","ESTANTE 4 PLANOS LISOS  304 900X500X1750","900X500X1750","True"
"S153051","ESTANTE 4 PLANOS LISOS LP INOX 304 - 1200X500X1750MM","1200X500X1750","True"
"S153052","ESTANTE 4 PLANOS LISOS L P INOX 304 - 1500X500X1750MM","1500X500X1750","True"
"S153053","ESTANTE 4 PLANOS PERFURADOS LP 304 900X500X1750","900X500X1750","True"
"S153054","ESTANTE 4 PLANOS PERFURADOS LP INOX 304 - 1200X500X1750MM","1200X500X1750","True"
"S153055","ESTANTE 4 PLANOS PERFURADOS LP INOX 304 - 1500 X 500 X 1750MM","1500 X 500 X 1750","True"
"S153056","ESTANTE 4 PLANOS LISOS 304 1000X500X1750","1000X500X1750","True"
"S153057","ESTANTE 4 PLANOS PERFURADOS LP INOX 304 - 1000X500X1750MM","1000X500X1750","True"
"S153061","ESTANTE 4 PLANOS LISOS L P INOXIDAVEL 1500X500X1750MM","1500X500X1750","True"
"S153062","ESTANTE 4 PLAOS PERFURADOS LP 430 900X500X1750","900X500X1750","True"
"S153065","ESTANTE 4 PLANOS PERFURADOS LP INOXIDÁVEL - 1500X500X1750MM","1500X500X1750","True"
"S153250","PRATELEIRA SUP LISA L PRO-304-900X300MM","900X300","True"
"S153350","PRATELEIRA SUP. TUBULAR L PRO INOX 304 - 900 X 400","900 X 400","True"
"S153352","PRATELEIRA SUP. TUBULAR L PRO INOX 304 - 1100 X 400","1100 X 400","True"
"S153361","PRATELEIRA SUP. TUBULAR L PRO INOX 304 - 2000 X 400","2000 X 400","True"
"S153401","PRATELEIRA SUP. TUBULAR L PRO INOX 304 - 1000 X 300","1000 X 300","True"
"S153500","PRATELEIRA SUP LISA SOBRE MONTANTES 1 PLANO - 304 900X400X500 MM","900X400X500","True"
"S153503","PRATELEIRA SUP LISA SOBRE MONTANTES 1 PLANO-304- 1200X400X500 MM","1200X400X500","True"
"S153504","PRATELEIRA SUP LISA MONTANTES 1300X400X500","1300X400X500","True"
"S153509","PRATEL SUP LISA SOBRE MONTANTES 1 PLANOI - 304 -1800X400X500","1800X400X500","True"
"S153511","PRATELEIRA SUP LISA MONTANTES 2000X400X500","2000X400X500","True"
"S153515","PRATEL SUP LISA SOBRE MONTANTES 1 PLANO-304- 2400X400X500 MM","2400X400X500","True"
"S153523","PRATEL SUP LISA SOBRE MONTANTES 2 PLANOS-304-1100X400X800 MM","1100X400X800","True"
"S153526","PRATEL SUP LISA SOBRE MONTANTES 2 PLANOS-304-1400X400X800 MM","1400X400X800","True"
"S153528","PRATEL SUP LISA SOBRE MONTANTES 2 PLANOS-304-1600X400X800MM","1600X400X800","True"
"S153530","PRATEL SUP LISA SOBRE MONTANTES 2 PLANOS-304-1800X400X800 MM","1800X400X800","True"
"S153603","GABINETE NEUTRO COM PORTAS-INOX-304 - 1000X700X900 MM","1000X700X900","True"
"S153609","GABINETE NEUTRO COM PORTAS-INOX-304 - 1600X700X900 MM","1600X700X900","True"
"S153653","GABINETE NEUTRO ABERTO-INOX-304 - 1000X700X900 MM","1000X700X900","True"
"S153663","GABINETE NEUTRO ABERTO - INOX-304 - 2000X700X900 MM","2000X700X900","True"
"S153676","CAIXA DE GORDURA 400X300X310","400X300X310","True"
"S153800","GABINETE INOX-304 DE ENCOSTO COM GAVETAS 460X700X900 MM","460X700X900","True"
"S153802","GABINETE INOX-304 DE CENTRO COM GAVETAS 460X700X900 MM","460X700X900","True"
"S153808","GRELHA DE PISO L PRO-500X150X75 MM","500X150X75","True"
"S153810","GRELHA DE PISO L PRO - 1000X150 X 75 MM C SAIDA LATERAL","1000X150 X 75","True"
"S153812","GUICHE PARA DEVOLUCAO 304 - 4 BOX-800X400X480 MM","800X400X480","True"
"S153813","GUICHE PARA DEVOLUCAO 1 BOX-1000X400X480 MM","1000X400X480","True"
"S153815","GUICHE PARA DEVOLUÇÃO 4 BOX-1000X400X480mm","1000X400X480","True"
"S153816","GUICHE PARA DEVOLUÇÃO 6 BOX 1200X400X480mm","1200X400X480","True"
"S153819","HEAT LAMP PPRAT SUP AQUEC. C CERAMICA - 500X160X80 MM","500X160X80","True"
"S153821","HEAT LAMP-1000X160X80MM-AQUEC. CERAMICA","1000X160X80","True"
"S153851","SUPORTE PORTA TALHER 304 - 320X280X290MM","320X280X290","True"
"S154003","REFRIG HORIZ ESQ. INOXIDÁVEL INT_EXT-2 PORTAS-1500X700X900MM","1500X700X900","True"
"S154004","REFRIG HORIZ ESQ. INOXIDÁVEL-3 PORTAS-1880X700X900MM","1880X700X900","True"
"S154010","REFRIG. BASE COCÇÃO 4 GAV, CAB. ESQ. INOXAL 430 - 1440x700x660mm","1440x700x660","True"
"S154011","REFRIG BASE ESQ. INOXIDÁVEL-6 GAVETAS L 700-1880X700X660MM","1880X700X660","True"
"S154012","REFRIGERADOR HORIZONTAL DIR. INOXIDÁVEL-2 PORTAS-1380X700X900 MM","1380X700X900","True"
"S154017","FREEZER  HORIZ DIR INOXIDAVEL INT -EXTERN 2PORTAS  1500X700X900mm","1500X700X900","True"
"S154023","REFRIGERADOR HORIZONTAL DIR. INOXIDÁVEL-2 PORTAS-1500X700X900 MM","1500X700X900","True"
"S154029","REFRIG HORIZ DIR. INOXIDÁVEL INT_EXT-3 PORTAS-2000X700X900 MM","2000X700X900","True"
"S154036","CABEÇOTE P 8 REFRI SUP HORZ 1500X410X500","1500X410X500","True"
"S154037","CABECOTE P 10 GN'S REFRI. SUP. HORIZ-1860X380X500 MM","1860X380X500","True"
"S154040","REFRIGERADOR VERTICAL INOXINOX 2P 700X810X2050 MM","700X810X2050","True"
"S154043","REFRIG HORIZ DIR. INOXIDÁVEL -4 PORTAS-2500X700X900MM","2500X700X900","True"
"S154046","REFRIGERADOR EXPOSITOR VERTICAL 1P 700X810X2050 MM","700X810X2050","True"
"S154050","REFRIG. BASE DIR. INOX - 4 GAV. L700 - 1440x700x660mm","1440x700x660","True"
"S154061","REFRIGERADOR VERTICAL 2P BI-P. INOXIDÁVEL- 700X800X2050 MM","700X800X2050","True"
"S154062","REFRIGERADOR VERTICAL 4 P BI-P. INOXIDAVEL INTEXT  1400X800X2050 MM","1400X800X2050","True"
"S154063","FREEZER HORIZ ESQ. INOXIDÁVEL INT_EXT 2 PORTAS-1500X700X900MM","1500X700X900","True"
"S154066","REFRIGERADOR VERTICAL 2 PORTAS INT. INOX INOX 430 - 1400X800X2050 MM","1400X800X2050","True"
"S154073","MINI CAMARA RESFRIADA VERTICAL 2P 1000 INOXIDÁVEL INTEXT","","False"
"S154074","MINI CAMARA CONGELADA VERTICAL 2P 1000 INOXIDÁVEL INTEXT","","False"
"S154094","CABEÇOTE P 5 GNS REFRI SOBREPOR HORIZ 965X380X150","965X380X150","True"
"S154101","TAMPO LISO INOX-304 ENCOSTO PREFFRZ HORIZONTAL 1000 MM","","False"
"S154102","TAMPO LISO INOX-304 ENCOSTO P_REF_FRZ HORIZONTAL 1380MM","","False"
"S154103","TAMPO LISO INOX-304 ENCOSTO PREFFRZ HORIZONTAL 1500 MM","","False"
"S154104","TAMPO LISO ENCOSTO P REFRFRZ HOR. INOX 304 - 1880 MM","","False"
"S154105","TAMPO LISO INOX-304 ENCOSTO PREFFRZ HORIZONTAL 2000 MM","","False"
"S154106","TAMPO LISO INOX-304 ENCOSTO PREFFRZ HORIZONTAL 2380 MM","","False"
"S154107","TAMPO LISO INOX-304 ENCOSTO P_REF_FRZ_ HORIZONTAL 2500","","False"
"S154110","TAMPO LISO INOX-304 CENTRO PREFFRZ HORIZONTAL 1380 MM","","False"
"S154111","TAMPO LISA CENTRO 304 P REF-FRZ HOR 1500mm","","False"
"S154112","TAMPO LISO INOX-304 CENTRO P_REFFRZ HORIZONTAL 1880MM","","False"
"S154113","TAMPO LISO INOX-304 CENTRO P-REF-FRZ HORIZONTAL 2000M","","False"
"S154114","TAMPO LISO INOX-304 CENTRO PREFFRZ HORIZONTAL 2380 MM","","False"
"S154115","TAMPO LISO INOX-304 CENTRO P-REF-FRZ HORIZONTAL 2500M","","False"
"S154117","TAMPO VINC ENC PREFFRZ HZ. CCUBA 40X34X18-DIR-304-1500 MM","40X34X18","True"
"S154118","TAMPO VINC ENC PREFFRZ HZ. CCUBA 40X34X18-DIR-304-2000 MM","40X34X18","True"
"S154119","TAMPO VINC ENC P_REF_FRZ HZ. C_CUBA 40X34X18-DIR-304-2500 MM","40X34X18","True"
"S154187","CABECOTE SUP. ESQ. 05 GNS REFRI. HORIZ 304 - 965X380X500 MM","965X380X500","True"
"S154188","CABECOTE SUP. ESQ. 08 GNS REFRI. HORIZ 304 - 1500X410X500 MM","1500X410X500","True"
"S154190","CABECOTE SOB. ESQ. 05 GNS REFRI. HORIZ 304 - 965X380X150 MM","965X380X150","True"
"S154208","REFRIG. HORIZ. B. CH. CD. 2P INOXIDÁVEL - 2000X700X1060MM","2000X700X1060","True"
"S154215","UNDERCOUNTER REFRIGERADO EM AÇO INOXIDÁVEL 700X700X822MM","700X700X822","True"
"S154216","UNDERCOUNTER CONGELADO 1 P INOXIDÁVEL - 700X700X822 MM","700X700X822","True"
"S154220","FREEZER P COPOS INOXIDAVEL 1000X700X960","1000X700X960","True"
"S154225","TAMPO VINC ENC P_REF_FRZ HZ. C_CUBA 40X34X18-ESQ-304-2500MM","40X34X18","True"
"S154226","TAMPO VINC ENC PREFFRZ HZ. CCUBA 40X34X18-ESQ-304-2000MM","40X34X18","True"
"S154227","TAMPO 304 VINC ENC P REF-FRZ C CB 40X34X18 ESQ 1500mm","40X34X18","True"
"S154231","TAMPO VINC ENC PREFFRZ HZ. CCUBA 50X40X25-ESQ-304-2000 MM","50X40X25","True"
"S154239","FECHAMENTO TRASEIRO PARA REFRIGERADOR 430 1500X710","1500X710","True"
"S154242","CABECOTE P5 GNS REFRI. SOBREPOR CMOTOR -1320X420X335MM","1320X420X335","True"
"S154243","CABECOTE P8 GNS REFRI. SOBREPOR C MOTOR -1820X420X335MM","1820X420X335","True"
"S154298","FREEZER HORIZ. 2 P CAB. DIR. INOXIDÁVEL-AL - 1500X700X900 MM","1500X700X900","True"
"S154302","FREEZER HORIZ. 2 P CAB. ESQ. INOXIDÁVEL-AL - 1500X700X900 MM","1500X700X900","True"
"S154303","FREEZER HORIZ. 3 P CAB. ESQ. INOXIDÁVEL_AL-2000X700X900MM","2000X700X900","True"
"S154306","UNDERCOUNTER 1 P INOXAL 304 - 700X700X822 MM","700X700X822","True"
"S154310","FREEZER P COMPOS INOX-AL 1000X710X1040","1000X710X1040","True"
"S154318","REFRIG BASE COCÇÃO 4 GAV. CAB. ESQ. INOXIDÁVELAL - 1440X700X660MM","1440X700X660","True"
"S154319","REFRIG. BASE COCÇÃO 6 GAV. CAB. ESQ. INOXIDAVELAL  - 1880X700X660mm","1880X700X660","True"
"S154328","REFRIGERADOR VERTICAL 1P INT. INOXIDÁVELAL - 700X800X2050 MM","700X800X2050","True"
"S154330","REFRIGERADOR VERTICAL 2 P BI-P INOXIDAVEL-AL 700X800X2050","700X800X2050","True"
"S154331","REFRIG VERTICAL 4 P BI-P INOXIDAVEL-AL 1400X800X2050MM","1400X800X2050","True"
"S154332","REFRIGERADOR VERTICAL 1P VIDRO INOXIDÁVELAL - 700X800X2050 MM","700X800X2050","True"
"S154334","REFRIGERADOR VERTICAL 2P VIDRO BI-P. INOXIDÁVELAL - 700X800X2050 MM","700X800X2050","True"
"S154337","FREEZER VERT. 2 PORTAS  BI-P INOXIDAVEL-AL 700X800X2050mm","700X800X2050","True"
"S154340","MINI CAMARA RESFRIADA 2P INOXIDÁVELAL - 1000X800X2050 MM","1000X800X2050","True"
"S154341","MINI CAMARA CONGELADA  2P INOXDAVEL-AL 1000X800X250","1000X800X250","True"
"S154350","FREEZER VERT 1 PORTA INT. 430-AL 700X800X2050mm","700X800X2050","True"
"S154373","REFRIG. HORIZ. 6GAV. CAB. DIR. INOX 430 AL - 2000X700X900MM","2000X700X900","True"
"S154377","REFRIGERADOR HORIZONTAL 6GAV. CAB. ESQ. INOXIDÁVELAL - 2000X700X900MM","2000X700X900","True"
"S154380","MEAT FREEZER INOX 304 450X730X900 MM","450X730X900","True"
"S154384","FREEZER VERT. 4 PORTA BI-P. INOXIDÁVEL-1400X800X2050MM","1400X800X2050","True"
"S154395","REFRIG HORIZ 4GAV. CAB. DIR. INOX_INOX 430- 1500X700X900MM","1500X700X900","True"
"S154403","MEAT FREEZER INOXINOX 430 - 450X730X900 MM","450X730X900","True"
"S154409","REFRIGERADOR BASE COCÇÃO 1 GAV. INOXIDAVEL_AL-1250X700X580MM","1250X700X580","True"
"S154410","REFRIGERADOR BASE COCÇÃO 1 GAV. INOXIDAVEL INT_EXT-1250X700X580MM","1250X700X580","True"
"S154415","REF. HOR. BASE 1 P. CAB. ESQ. E CAB. REF-5 GN'S-C T. AQUEC. 1600MM C ROD","","False"
"S154427","TAMPO ENCOSTO LISA #201 PERFURAÇÃO PARA CABEÇOTE 1500","","False"
"S154434","REFRIG. BASE COCÇÃO 4 GAV, CAB. DIR. INOXAL 430 - 1440x700x660mm","1440x700x660","True"
"S154435","FREEZER VERT 2 PORTAS INT. INOX_AL 430 - 700x800xX2050mm","700x800","True"
"S154436","CERVEJEIRA VERT 1 PORTA VIDRO -4°C A 5°C - INOXIDAVEL_AL-700X800X2050MM","700X800X2050","True"
"S154440","FREEZER VERT. 4 PORTA BI-P. INOX_AL 430 - 1400x800x2050mm","1400x800x2050","True"
"S154441","FREEZER VERT. 2 PORTAS VIDRO INT. INOX 1400X800X2050 MM","1400X800X2050","True"
"S154442","CERVEJEIRA VERTICAL 2 PORTA VIDRO -4°C A 5°C - INOXIDAVEL-AL 1400X800X2050 MM","1400X800X2050","True"
"S154446","REFRIGERADOR BASE COCÇÃO 3 GAV. INOXIDAVELAL -1900X700X580MM","1900X700X580","True"
"S154448","REFRIGERADOR VERT 2P BI-P INOXIDAVEL-AL 430 - 700X800X2050","700X800X2050","True"
"S154452","ULTRA CONGELADOR DE COPOS","","False"
"S154486","CERVEJEIRA VERT 1P VIDRO -4°C A 5°C-INOXIDAVEL-700X800X2050MM","700X800X2050","True"
"S154487","FREEZER VERTICAL INOXIDÁVEL 1 PORTA VIDRO 700X810X2050MM","700X810X2050","True"
"S154491","CÂMARA DE CONSERVAÇÃO DE VEGETAIS INOX EXT. INOXIDÁVEL INT 1100X800X2050MM","1100X800X2050","True"
"S154493","FREEZER VERTICAL INOXIDÁVEL 2 PORTAS CEGAS 1400X810X2050 MM","1400X810X2050","True"
"S154506","REFRIG. BASE COCÇÃO 6 GAV. CAB. DIR. INOXAL 430 - 1880X700X660mm","1880X700X660","True"
"S154520","PRAT. SOBRE MONT. 3 PLANOS - 1° PLANO P 8GN'S 1_3X100 E 2 P. LISOS C SUPORTE BISNAGA","","False"
"S155002","PASS-THRU REFRIGERADO VERTICAL 02 PORTAS (1 + 1 VIDRO) - 700X850X2050","700X850X2050","True"
"S155020","PASS THRU AQUEC. AR FORÇADO 2PTA CEGA -700X850X2050","700X850X2050","True"
"S155022","PASS THRU AQUEC. AR FORÇADO 1PTA CEGA 1PTA VID-700X850X2050","700X850X2050","True"
"S155039","ESTUFA VERTICAL AQUECIDA INOX 304INOX-700X810X2050 MM","700X810X2050","True"
"S155047","PASS THRU REFRIG 2 PTA CEGA INOXIDAVEL-700X850X2050","700X850X2050","True"
"S155049","PASS THRU REFRIG 1 PTA CEGA 1 PTA VIDRO INOXIDAVEL-700X850X2050","700X850X2050","True"
"S155154","PISTA AQUECIDA SECA PLANA 6 GN - 2170X640X560 MM","2170X640X560","True"
"S155162","MESA AQUECIDA P SAIDA DELIVERY 1500","","False"
"S155163","ESTANTE AQUECIDA 5 PLANOS LISOS 430 - 615X500X1750 MM","615X500X1750","True"
"S155250","CORREBANDEJA TUBULAR 1170X300","1170X300","True"
"S155253","CORRE BANDEJA TUBULAR  2140X300","2140X300","True"
"S156002","CARRO PLATAFORMA 304 900X600X900","900X600X900","True"
"S156006","CARRO TANQUE INOX-304 950X600X900 MM SEM ESTRUTURA 190 L","950X600X900","True"
"S156010","CARRO TERMICO P TRANSPORTE GNS 1203X767X1076","1203X767X1076","True"
"S156013","CARRO TRANS. ESQUEL.304-378X545X1800MM P20 GN11X65","378X545X1800","True"
"S156014","CARRO TRANS. ESQUEL.304-378X545X1800MM P20 GN11X65-SOLDADO","378X545X1800","True"
"S156018","CARRO ESQUELETO P PÃES COM 9 PRATELEIRAS VÃO 195 MM 600X800X1800 MM","600X800X1800","True"
"S156019","BANCADA LISA CENTRO L PRO ROD -500X800X900","500X800X900","True"
"S156020","CARRO PLATAFORMA 900x600x900mm","900x600x900","True"
"S157002","MÓDULO LIQUIDIFICADOR 500","","False"
"S157005","MÓDULO PRATELEIRA 1000","","False"
"S157010","MODULO ESCORREDOR DE COPOS 500","","False"
"S157012","TAMPO DE CANTO COM CUBA","","False"
"S157013","TAMPO DE CANTO LISO","","False"
"S157014","PORTA CONDIMENTOS 2 GNS 19 65MM - 400x150x90","400x150x90","True"
"S157017","SUPORTE PARA GARRAFAS-304 - 1000","","False"
"S157021","MODULO LIXEIRA T. BASC. 500X580X900 MM","500X580X900","True"
"S157031","MODULO PIA INOX 304 1 CB 40x34x14 - 388x458x152 MM","40x34x14","True"
"S157034","MODULO GNS INOX 304 - 194X458X151 MM","194X458X151","True"
"S157043","MODULO BAR BASE REFRIGERADA 3G CD INOX430AL- 2000X700X650MM","2000X700X650","True"
"S157049","MODULO BAR BASE REFRIG CAB ESQ. 3G CD INOXIDAVEL-2000X700X650MM","2000X700X650","True"
"S157053","MODULO BAR BASE REFRIGERADA 3P CD INOX - 2000X700X650MM","2000X700X650","True"
"S157057","MODULO BAR BASE REFRIGERADA 3G CE INOX - 2000X700X650MM","2000X700X650","True"
"S157058","MODULO CAIXA BASE ESQUERDA P MODULOS INOX 304 2000X515X250","2000X515X250","True"
"S158051","BANCADA DE CENTRO L PRO PRAT LISA-INOXDÁVEL - 800X700X900MM","800X700X900","True"
"S159364","PRATELEIRA SUP TUBULAR L PRO INOXIDAVEL - 2300X400","2300X400","True"
"S159501","PRATEL SUP LISA SOBRE MONTATES 1 PLANO-INOXIDAVEL 1000X400X500","1000X400X500","True"
"S159507","PRAT SUP LISA MONTANTES 1600X400X500","1600X400X500","True"
"S159509","PRATEL SUP LISA SOBRE MONTANTES 1 PLANO-304- 1800X500X500 MM","1800X500X500","True"
"S159527","PRATEL SUP LISA COBRE MONTANTES 2 PLANOS-INOXIDÁVEL -1500X400X800 MM","1500X400X800","True"
"S159532","PRATEL SUP LISA SOBRE MONTANTES 2 PLANOS  430 2000X400X800","2000X400X800","True"
"S159535","PRATEL SUP LISA SOBRE MONTANTES 2 PLANOS-INOXIDAVEL 2300X400X800","2300X400X800","True"
"S161071","ESTUFA FRIA BAIXA INOX CRISTAL - 1000X700X1250MM","1000X700X1250","True"
"S161072","ESTUFA FRIA BAIXA INOX CRISTAL - 1300X700X1250 MM","1300X700X1250","True"
"S161074","ESTUFA FRIA BAIXA PRETO CRISTAL - 1000X700X1250MM","1000X700X1250","True"
"S161077","ESTUFA AUTO SERVICO FRIA BAIXA INOX CRISTAL - 1000X700X1250MM","1000X700X1250","True"
"S161078","ESTUFA AUTO SERVICO FRIA BAIXA INOX CRISTAL - 1300X700X1250MM","1300X700X1250","True"
"S161082","ESTUFA QUENTE BAIXA INOX INVISIBLE LINE - 700X700X1250 MM","700X700X1250","True"
"S161094","ESTUFA DUPLA AQUECIDANEUTRA PRETA PARA PÃES AUTO SERVIÇO 1000X780X1280MM C DIVISORIAS ACRILICO","1000X780X1280","True"
"S162001","FOGAO A GAS 4 QUEIMADORES L900 - 900X960X270MM","900X960X270","True"
"S162002","FOGAO A GAS 6 QUEIMADORES L900 - 1350X960X270MM","1350X960X270","True"
"S162033","FRITADEIRA ELETRICA FULL 14 LITROS SOBREPOR 360X750X250MM 380 TRIF","360X750X250","True"
"S168","PIA DE ASSEPSIA 330X400X225MM C ACIONAMENTO DE JOELHO - PROTÓTIPO","330X400X225","True"
"S170000","HOT FOOD 03 GN'S-150 INOX 870X419X1407 MM","870X419X1407","True"
"S170003","GABINETE NEUTRO ACESSIBILIDADE","","False"
"S170004","500","","False"
"S170005","750","","False"
"S170006","850","","False"
"S170007","PIA ASSEPSIA","","False"
"S170008","ARMÁRIO VERTICAL PÃES 16 PLANOS","","False"
"S170010","MESA VINCADA DE ENCOSTO C 3 CUBAS 40X50X25 - 1500X700X900MM","40X50X25","True"
"S170011","TAMPA PARA CUBA 400X500X250 INOX 304","400X500X250","True"
"S170012","COMBIPACK INOX 597X755X1720","597X755X1720","True"
"S170013","BANCADA DE ENC. 304 LISA C-PRAT LISA 1500x700x900","1500x700x900","True"
"S170014","BANCADA DE ENC. 304 LISA C 2 PRAT. LISA 700X700X900MM","700X700X900","True"
"S170015","PRATELEIRA SUP LISA L PRO-INOX-304 - 1400X350X40MM","1400X350X40","True"
"S170016","ARMÁRIO VERTICAL RETARDER - 20 PLANOS","","False"
"S170017","CARRO CANTONEIRA PARA APOIO DE BANDEJAS COM 7 NIVEIS - 515X700X865","515X700X865","True"
"S170018","PRATELEIRA COM CLIP PARA COBERTURA MLL 640X750X460MM","640X750X460","True"
"S170019","ARMARIO ABERTO DML 540X400X800 INOX-304","540X400X800","True"
"S170020","LAVATÓRIO ASSEPSIA C TORNEIRA E ACIONAMENTO DE JOELHO 350x350mm","350x350","True"
"S170022","DISPLAY DE PÃO INOX 748X600X1535MM","748X600X1535","True"
"S170025","BANDEJA DE PÃO ALUMINIO 440X325X170","440X325X170","True"
"S170026","COMBIRACK ALUMINIO 727X531X1810MM","727X531X1810","True"
"S170028","VITRINE REFRIGERADA DE SOBREPOR VIDRO CURVO-625X523X510MM","625X523X510","True"
"S170031","GABINETE NEUTRO INOX COM PRATELEIRA 880x400x900MM","880x400x900","True"
"S170032","REFRIGERADOR HORIZ CAB DIR. 304-ALUMINIO 3 PORTAS 1880X700X900 TAMPO C.CUBA RED","1880X700X900","True"
"S170033","PASSAGEM BASCULANTE INOX 900X400X900MM","900X400X900","True"
"S170034","GABINETE NEUTRO INOX 1200X870X850 MM","1200X870X850","True"
"S170035","REFRIGERADOR HORIZONTAL 2 PORTAS 1380X700X900MM C TAMPO","1380X700X900","True"
"S170037","PRATELEIRA SUP LISA L PRO-INOX-304 - 1500X350X40MM","1500X350X40","True"
"S170038","MULTI PISTA DELIVERY - 1500x700x1900MM","1500x700x1900","True"
"S170039","VITRINE PORTA COOKIES 440x510x550MM","440x510x550","True"
"S170041","ARMARIO VERT PAES 16 PL ALUM 729X532X1810MM - anti-horário","729X532X1810","True"
"S170042","900","","False"
"S170045","REFRIGERADOR HORIZ CAB ESQ. 3 PORTAS 1880X700X900 TAMPO CUBA RED","1880X700X900","True"
"S170046","GABINETE NEUTRO INOX 900X400X900MM","900X400X900","True"
"S170047","PRATELEIRA SUP LISA L PRO-INOX-304 - 1400X300X40MM","1400X300X40","True"
"S170048","VITRINE REFRIGERADA PARA SALGADOS 625x510x550MM","625x510x550","True"
"S170049","MODUO POST MIX 1300X870X850MM","1300X870X850","True"
"S170050","PRATELEIRA SUP LISA L PRO-INOX-304 - 1500X300X40MM","1500X300X40","True"
"S170051","GABINETE NEUTRO INOX 1250X870X850 MM SEM MDF","1250X870X850","True"
"S170057","PRATELEIRA SUP LISA L PRO-304-1100X300MM","1100X300","True"
"S200117","MESA INOX 430 1,50X0,70X0,85 LISA PRAT. PERF","","False"
"S200118","MESA INOX 430 1,20X0,70X0,85 LISA PRAT. PERF","","False"
"S200188","MESA INOX 430 1,20X0,70X0,90 M-LISA PRAT.LISA","","False"
"S200444","MESA INOX 430 1,50X0,70X0,90 LISA PRAT LISA","","False"
"S200602","MESA INOX 430 0,65X0,70X0,90 M-LISA-PRAT.LISA","","False"
"S200629","MESA INOX 430 1,90X0,70X1,00 M-LISA-PRAT.LISA","","False"
"S200863","MESA INOX 304 1,50X0,70X0,85 LISA PRAT. PERF","","False"
"S200867","MESA ENC 304 PRAT LISA 1750X700X900","1750X700X900","True"
"S200971","CHAPA BIFETEIRA DE FOGAO 500X500","500X500","True"
"S200995","MÓDULO EXPOSITOR AQUECIDO BANHO MARIA 02 GN'S 1_1 700X1300X1360MM","700X1300X1360","True"
"S200996","MÓDULO EXPOSITOR AQUECIDO BANHO MARIA 4 GN'S 1_1 1565X1300X1360","1565X1300X1360","True"
"S201264","MESA INOX 430 1,90X0,70X0,90 M-LISA-PRAT.LISA","","False"
"S201347","ESTANTE INOX 304 0,90X0,50X1,80-COM 04 PRAT. PERF. FIXAÇÃO NO CHÃO #22","","False"
"S201432","REFRIG VERTICAL INOX_INOX-430 - 4 PORTAS - 1400X810X2050MM","1400X810X2050","True"
"S201487","FOGAO IND BAIXO 02 BOCAS 30X30 INOX 304 - 600X700X600 MM","30X30","True"
"S201488","FOGAO IND BAIXO 02 BOCA 50X50 INOX 304 - 1200X700X460 MM","50X50","True"
"S201489","FOGAO IND BAIXO 01 BOCA 50X50 INOX 304 - 600X700X460 MM","50X50","True"
"S201520","MESA ENC 304 1CBE 50X40X30X E 300 ELD PRAT LISA 1300X700X900","50X40X30","True"
"S201523","MESA  304 CX DEC 403X350X430 1  CESTO PERF 580X700X700","403X350X430","True"
"S201524","GUICHE PARA DEVOLUÇÃO 3 BOX 1040X400X650mm","1040X400X650","True"
"S201525","SHOUTS P TALHERES 150X150X480","150X150X480","True"
"S201526","MODULO EXPOSITOR LISO E NEUTRO 1200X1360X850MM","1200X1360X850","True"
"S201754","BANCADA ESQUELETO DE CENTRO L PRO CONTRAV 430 - 1400X700X900","1400X700X900","True"
"S201834","MESA INOX 430 0,50X0,70X0,85-LISA PRAT. LISA","","False"
"S202161","ESTANTE INOX 304 4 PLANOS LISOS 1000X500X1800","1000X500X1800","True"
"S202162","MODULO BANHO MARIA P 3GNs 11X100 - 1200X925X1420MM PROT C LED, GABINETE  E 1 CORRE BANDEJAS LISO","11X100","True"
"S202199","MODULO EXPOSITOR AQUEC 2GN 1-1-150 C TP 700X1630X1370MM","700X1630X1370","True"
"S202201","MODULO EXPOSITOR REFRI 3 GN 1-1 100 C TP 1200X1360X1370MM","1200X1360X1370","True"
"S202202","BANDEJA COLETORA EM AÇO INOX 600X400X20MM","600X400X20","True"
"S202222","CARRO P DETRITOS 80L C PEDAL","","False"
"S202474","ESTANTE 4 PLANOS PERFURADOS INOX 304-1400X400X1750 MM","1400X400X1750","True"
"S202476","ESTANTE 4 PLANOS PERFURADOS INOX 304 - 1400X500X1750MM","1400X500X1750","True"
"S202527","CARRO PLATAFORMA LISA-304- #16 -  1000X600X200MM ROD. 5","1000X600X200","True"
"S202607","CARRO TRANSP .ESQUELE. 304-472X615X1805- P20 BANDEJAS - 400X600","472X615X1805","True"
"S202622","ESTANTE 5 PLANOS LISOS LP INOX 304 - 1000X500X1750MM","1000X500X1750","True"
"S202719","GHICHE PARA DEVOLUÇÃO 2 BOX 800 x 400 x 480mm","800 x 400 x 480","True"
"S202805","GRELHA DE PISO L PRO INOX 304 -600X150X100MM C FUROS OBLONGOS","600X150X100","True"
"S202884","GABINETE APOIO PISTA -INOX 430 - 1500X645X850 MM P 04 GN'S","1500X645X850","True"
"S202892","MODULO EXP REFRIG 1200X1300X1250MM P_3GN'S S_REGUAS INOX 304","1200X1300X1250","True"
"S202913","CARRO CANTONEIRA P 20 BANDEJAS 400x600","400x600","True"
"S202944","CARRO ISOTERMICO C DRENO, SUPORTE P PA E ROD. 300X500X850","300X500X850","True"
"S202945","GRELHA DE PISO 304 CESTO PERF REM C GRAPAS 1100X180X40","1100X180X40","True"
"S202994","BANCADA DE ENCOSTO L PRO  PRAT LISA 304 - 1550X700X900","1550X700X900","True"
"S203106","MESA 430 CENTRO CONTRV 800X400X850","800X400X850","True"
"S203314","ESTANTE 4 PLANOS PERFURADOS LP INOX304 - 900X500X1750MM #18","900X500X1750","True"
"S203321","GRELHA DE PISO 304 CESTO PERF REMOV 1650X180X50","1650X180X50","True"
"S203351","PRATEL SUP LISA SOBRE MONT 2 PL-304-1500X400X800MM C 1º PL C RECORTE PARA GN'S E HEAT LAMP ESQ","1500X400X800","True"
"S203365","MESA 304 ENC ESP LE PRAT LISA 1150X700X900","1150X700X900","True"
"S203411","COIFA TIPO CAIXA DE CENTRO C FILTROS E ILUMINAÇÃO 3400X2100X450","3400X2100X450","True"
"S203467","MESA INOX 430 1,50X0,65X0,85 LISA PRAT. LISA","","False"
"S203488","MESA 3004 ELE PRAT LISA 1200X700X900","1200X700X900","True"
"S203610","FOGAO INDUSTRIAL INOX 4 B CENTRO 1000X1000X900 - GRELHA LISA","1000X1000X900","True"
"S203670","LAVA MOP 540X550X340 MM","540X550X340","True"
"S203676","DUTO RETANGULAR 590X380X600 MM","590X380X600","True"
"S203691","PIABACK  C-02 CUBAS 500X400X300 950620X1150","500X400X300","True"
"S203742","CURVA 90 GRAUS -  550X590X380 MM","550X590X380","True"
"S203754","MODULO AQUECIDO 3GN 1-1X100 1850X1060X1370MM PROT  C LED CORRE BANDEJA TUBULAR","1850X1060X1370","True"
"S203755","MODULO REFRIGERADA 3 GN 11X65 - 1200X1060X1370MM PROT C LED C 1 CORRE BANDEJA TUBULAR","11X65","True"
"S203844","MESA INOX 430 1,00X0,70X0,90 - LISA PRAT. LISA","","False"
"S203891","MESA CENTRO 1600X700X900 PRAT LISA INOX 430 COM TAMPO AQUEC","1600X700X900","True"
"S203906","MODULO EXPOSITOR AQUEC 4 GN 304 PROTETOR SALIVAR RETO 1565X1360X1370 mm","1565X1360X1370","True"
"S203966","PASS THRU REFRIG 2 PTA CEGA INOXIDAVEL-700X850X2050 7 PAR CANT E 7 GR","700X850X2050","True"
"S203967","PASS THRU AQUEC. AR FORÇADO 2PTA CEGA -700X850X2050-7 PAR CANT E 7 GR","700X850X2050","True"
"S204033","MESA DE APOIO C PRAT SOB MONTANTES 1600X800X1500","1600X800X1500","True"
"S204043","GRELHA DE PISO L PRO 600X150X75","600X150X75","True"
"S204085","MODULO CAIXA BASE P MODULOS INOX 304 - 1440X515X250MM","1440X515X250","True"
"S204086","MODULO GARRAFEIRO INOX 304 - 1440X290X215 MM","1440X290X215","True"
"S204088","CARRO P DETRITOS RED 478X740 S PEDAL-TAMPA C FUNIL- 304","478X740","True"
"S204105","CARRO PREMOLHO DE TALHERES - 872X640X690 MM","872X640X690","True"
"S204136","FOGAO INDUSTRIAL INOX 6 B CENTRO 1500X1000X900 - GRELHA LISA","1500X1000X900","True"
"S204217","CABEÇOTE SUP. DIR. C UNID. 11GNX 304 - 2040X380X500 MM","2040X380X500","True"
"S204260","MODULO CAIXA BASE P MODULOS C FURO P PING. INOX 304 - 1440X515X250 MM","1440X515X250","True"
"S204272","CABEÇOTE SOB. 09 GNS REFRI. HORIZ 304- 1696X380X150 C TAMPA","1696X380X150","True"
"S204377","MESA LISA CENTRO 430 PRAT LISA - 900X600X850","900X600X850","True"
"S204391","CORREBANDEJA 500X300","500X300","True"
"S204414","GRELHA DE PISO LP COM SAIDA INFERIOR CENTRAL 1000X150X75MM","1000X150X75","True"
"S204529","HEAT LAMP-1500X160X80MM-AQUEC. CERAMICA","1500X160X80","True"
"S204562","MESA 304 2CBD 60X50X40X E 750 ESP LE PRAT LISA 2300X700X900","60X50X40","True"
"S204563","MESA 304 ESP  LD PRAT LISA 1100X700X900","1100X700X900","True"
"S204800","MESA 304 ESP LE PRAT LISA 1800XX700X900","700X900","True"
"S204842","CARRO TRANSP CAIXAS C ROD INOX 304 - 500X500X190MM","500X500X190","True"
"S204848","MODULO BAR BASE REFRIG. 2 GAVETAS INOX-430 1440X700X630MM","1440X700X630","True"
"S204871","MODULO BANHO MARIA P 5GNs 11X100 - 1850X1205X1420MM PROT C LED, GABINETE E 2 CORRE BANDEJAS LISO","11X100","True"
"S204958","CABECOTE REFRI.SUP.ESQ.304- 10 GN 1_3X100 1860X380X500 C TAMPA","1860X380X500","True"
"S204972","FOOGAO INOXIDAVEL 06 QD ENCOSTO 1500X1000X900  GRELHA LISA TREF","1500X1000X900","True"
"S205139","MESA 304 1 CBD 40X50X30 E 250 ELE PRAT  LISA 1300X700X900","40X50X30","True"
"S205142","CONSERVADOR DE FRITURAS AF 450X680X326 MM","450X680X326","True"
"S205201","MESA  304 ESP LE PRAT LISA 1850X700X900","1850X700X900","True"
"S205279","COIFA DE ENCOSTO C FILTROS E ILUMINACAO-430- 2390X900X450 MM","2390X900X450","True"
"S205322","GHICHE PARA DEVOLUÇÃO 2 BOX 1200 x 400 x 680mm","1200 x 400 x 680","True"
"S205323","ESTANTE 4 PLANOS PERF LP INOX 304 - 1100X500X1750MM","1100X500X1750","True"
"S205345","TAMPO LISO INOX-430 ENC P REF FRZ HORIZONTAL 1650X700X40MM","1650X700X40","True"
"S205433","GUICHE INOX 304 PARA DEVOLUÇÃO 2 BOXES - 1200X400X480","1200X400X480","True"
"S205438","ARMARIO 304 DML  3 PRAT E GANCHO P VASSOURA 700X700X1800","700X700X1800","True"
"S205439","ARMARIO 304 P-EMBAL. E UTENS. 0,70X0,70X1,80 C3 PRAT. INTERM","","False"
"S205523","CARRO PARA REMOLHO DE TALHERES 600X625X580","600X625X580","True"
"S205612","REFRIGERADOR VERTICAL PRETO FOSCO-ALUM 1 PORTA VIDRO 700X800X2050","700X800X2050","True"
"S205622","ESQUELETO PARA GN'S INTERNO FREEZER","","False"
"S205650","FREEZER VERT. 2P BI-P. 430AL-700X800X2050 CROD 3 C 04 GRADES","700X800X2050","True"
"S205727","ESTANTE 4 PLANOS PERF 304 -700X500X1750","700X500X1750","True"
"S205859","GUICHE PARA DEVOLUCAO 1 BOX - 800X400X480 MM","800X400X480","True"
"S205876","ESTUFA PASTRY ZEPHYR CASE 2000X880X1370 MM","2000X880X1370","True"
"S205898","CARRO PARA DISPENSER DE COPOS","","False"
"S205906","BANC. CENTRO C-02 P. LISA-304- 625X800X900 C-RECOR. P-8 GNS 14","625X800X900","True"
"S205921","LAVATÓRIO PARA MOP 400X400X340MM","400X400X340","True"
"S205964","ESTANTE AQUECIDA 5 PLANOS LISOS 430 - 615X500X1750 MM COM FECHAMENTO TRASEIRO","615X500X1750","True"
"S205973","CARRO TANQUE 304-545X795X775 MM C TAMPA 190 LITROS","545X795X775","True"
"S206003","PRAT. SOBRE MONT. 3 PLANOS - 1° PLANO P 8GN'S 1_3X100 E 2 P. LISOS C SUPORTE BISNAGA SUPORTE DE ADESIVO ESQ","","False"
"S206042","GABINETE NEUTRO 304- 2175x700x900 TAMPO C CUBA 750x450x250 - 5 GAV. DIR","2175x700x900","True"
"S206043","GABINETE NEUTRO C1PORTA 304-375X730X930 TAMPO CCUBA REDOND Ø250 CTAMP- ESP TRAS 690MM","375X730X930","True"
"S206044","TAMPO LISO DE CENTRO P MAQ. GELO 304-380X700X350MM C MAO FRANCESA","380X700X350","True"
"S206045","RODAPE DE ACAB. P BASE FOGAO 304 - 1216X300X150MM","1216X300X150","True"
"S206046","PAINEL DE RESVESTIMENTO P COIFA 304 - 1975X303X457MM","1975X303X457","True"
"S206055","VITRINE AQUECIDA DE SOBREPOR 765X570X630 MM C PRAT. INTERM","765X570X630","True"
"S206057","PIA DE ASSEPSIAC ACIONAMENTO DE JOELHO C ESP LAT 330X400X470","330X400X470","True"
"S206116","REFRIG. HORIZ. 2GAV. CAB. DIR. 430AL-1100X1000X900MM C PISTA FRIA P 9GNS SUPERIOR C ROD","1100X1000X900","True"
"S206117","MODULO LIQUIDIFICADOR 500 INOX 200 C CUBA DE GELO - 500X880X850MM","500X880X850","True"
"S206162","TAMPA REMOVIVEL PARA CABEÇOTE REFRIGERADO #201 965X380","965X380","True"
"S206166","BANCADA ENC ESP LD PRAT LISA 1300X700X900","1300X700X900","True"
"S206168","GABINETE INOX-430  S TAMPO COM PORTA -290X800X650 MM","290X800X650","True"
"S206175","FOGAO WOK 02 BOCA ALTA PRESSAO-304","","False"
"S206182","ESTANTE 4 PLANOS LISOS - INOX 304 - 1100x500x1750mm","1100x500x1750","True"
"S206210","BANCADA LISA DE CENTRO LP 700X700X400","700X700X400","True"
"S206211","PISTA REFRIGERADA P 4GN - C GAB FECH INOX 304 1 CORRE BAND LISO 1530x895x900mm","1530x895x900","True"
"S206212","GABINETE NEUTRO COM PORTA - INOX 304 - 600x900x750mm","600x900x750","True"
"S206213","PISTA AQUECIDA BANHO MARIA P2GN - CGAB. INOX 304 E 2 CORRE BANDEJA LISO 700x1260x1420MM","700x1260x1420","True"
"S206214","ESTANTE 4 PLANOS LISOS - INOX 304 - 600x500x1750mm","600x500x1750","True"
"S206216","ARMARIO 304 DML 3 PRAT E GANCHO P VASSOURAS - 1300x500x1800mm","1300x500x1800","True"
"S206219","CARRO AUX 430 3 PLANOS COM APARADOR LAT - 530x780x900mm","530x780x900","True"
"S206220","CARRO AUX 430 2 PLANOS COM APARADOR E SUP GARRAFAS - 530x780x900mm","530x780x900","True"
"S206239","1000X700X900 - (ATUALIZAR)","1000X700X900","True"
"S206242","REFRIG. HORIZ. 2GAV. CAB.ESQ. CAB.REF. 6GN 1_3 - C_T.AQUEC E NICHO - 1880MM C_ROD 3GN 1_3 B.M","","False"
"S206244","ESTANTE DE 06 PLANOS LISOS COM RODIZIOS","","False"
"S206266","MESA DE CENTRO COM GN's 1900X700X850","1900X700X850","True"
"S206267","ESTUFA VERT. AQUEC. AR FORÇADO INOX 400 -700X800X2050MM PORTA VIDRO","700X800X2050","True"
"S206280","GRELHA PERFURADA ESCORREDOR DE COPOS 2030X98X20","2030X98X20","True"
"S206284","ESTAÇÃO CENTRAL NEUTRA FAST FOOD 1600 X 1105 X 900 INOX 430 - TAMPO AQUECIDO 2 LADOS","1600 X 1105 X 900","True"
"S206299","ESTUFA FRIA INOX SOBREPOR - FECHADO 700X675X625MM","700X675X625","True"
"S206312","CORRE BANDEJA 2600X300","2600X300","True"
"S206322","MESA PARA FORNO COMB. 058x0,60x0,80","","False"
"S206323","ESTUFA FRIA BAIXA PRETO - 1000X780X1300 MM","1000X780X1300","True"
"S206330","GABINETE NEUTRO COM PORTAS-INOX-304 - 800X700X900MM C-01GAV","800X700X900","True"
"S206344","REVESTIMENTO INOX 200 C LOGO SULFISA ILUMINADO - 1720X900","1720X900","True"
"S206351","BANCADA LISA CENTRO L PRO ROD - 600X600X900","600X600X900","True"
"S206356","CESTO PARA COZEDOR DE MASSAS A GAS INOX 304 COM ALÇAS 489x453x230mm","489x453x230","True"
"S206362","CARRO TRANSP. ESQUEL. 304 P20 ASSADEIRAS 580x700mm","580x700","True"
"S206363","CJ DE SISTEMA DE EXAUSTAO - AREÁ PANIFICAÇÃO 1800x1800x450mm","1800x1800x450","True"
"S206365","CJ DE SISTEMA DE EXAUSTAO - AREÁ FRANGO 2000x1000x450mm","2000x1000x450","True"
"S206372","CARRO GRADEADO APOIO 2 PLANOS C APARADOR 600X900X900","600X900X900","True"
"S206374","BASE DE APOIO TUBULAR LA 700X680X660","700X680X660","True"
"S206375","T DE CONEXÃO 90° VERTICAL 590x724x460mm","590x724x460","True"
"S206376","BANCADA PARA TOSTADOR DE PÃES LISO C 2 PRAT LISA E RODIZIO 500X800X900MM","500X800X900","True"
"S206377","ESTAÇÃO SULFISA DE MONTAGEM CENTRO 201-REFRIG. CAB.ESQ. CAB TAMPO AQUEC. 1600X1000X900 CROD-TOMADA PAD PARAGUAI","1600X1000X900","True"
"S206384","PIZZAROLA 8GN's 1-3x100","","False"
"S206385","BANCADA ENC LP PRAT LISA 304 -1300x700x1450mm PRAT MONT 1 PL E SUP ROLO ETIQUETA","1300x700x1450","True"
"S206386","GRELHA DE PISO L PRO INOX 304 -1160X200X100MM C FUROS OBLONGOS","1160X200X100","True"
"S206387","GRELHA DE PISO L PRO INOX 304 -2000X200X100MM C FUROS OBLONGOS","2000X200X100","True"
"S206388","GRELHA DE PISO L PRO INOX 304 -1520X200X100MM C FUROS OBLONGOS","1520X200X100","True"
"S206389","GRELHA DE PISO L PRO INOX 304 -1300X200X100MM C FUROS OBLONGOS","1300X200X100","True"
"S206390","GRELHA DE PISO L PRO INOX 304 -840X150X100MM C FUROS OBLONGOS","840X150X100","True"
"S206391","GRELHA DE PISO L PRO INOX 304 -300X150X100MM C FUROS OBLONGOS","300X150X100","True"
"S206392","GRELHA DE PISO L PRO INOX 304 -1080X150X100MM C FUROS OBLONGOS","1080X150X100","True"
"S206393","GRELHA DE PISO L PRO INOX 304 -1300X150X100MM C FUROS OBLONGOS","1300X150X100","True"
"S206394","GRELHA DE PISO L PRO INOX 304 -1200X150X100MM C FUROS OBLONGOS","1200X150X100","True"
"S206395","GRELHA DE PISO COM SISTEMA ABRE E FECHA","","False"
"S206396","GRELHA DE PISO L PRO INOX 304 -900X150X100MM C FUROS OBLONGOS","900X150X100","True"
"S206397","GRELHA DE PISO L PRO INOX 304 -1070X150X100MM C FUROS OBLONGOS","1070X150X100","True"
"S206398","GRELHA DE PISO L PRO INOX 304 -640X150X100MM C FUROS OBLONGOS","640X150X100","True"
"S206399","GRELHA DE PISO L PRO INOX 304 -400X150X100MM C FUROS OBLONGOS","400X150X100","True"
"S206400","BASE DE APOIO TUBULAR PARA CONSERVADOR DE FRITURAS LA FECHADO 370X660X680MM","370X660X680","True"
"S206401","MESA AQUECIDA P SAIDA DELIVERY 1500MM C PRAT. SOBRE MONT. 3 PLANOS P GNS E APOIO BISNAGAS","","False"
"S206411","CABEÇOTE P 10 GN'S REFRIG. SUP. HORIZ 304-1860x405x600mm","1860x405x600","True"
"S206412","PRATEL SUP LISA SOBRE MONTANTES 1 PLANO-304- 2000X500X500 MM (ATUALIZAR)","2000X500X500","True"
"S206416","PRATELEIRA SUP LISA 430 750X250","750X250","True"
"S206425","GABINETE NEUTRO COM PORTAS PERFURADAS -INOX-304 - 1400X690X1010 MM","1400X690X1010","True"
"S206426","PRATEL SUP LISA SOBRE MONTANTES 1 PLANO-304- 600X500X500 MM","600X500X500","True"
"S206427","GABINETE NEUTRO FECHADO COM PORTA -INOX 430 - 500X690X900 MM","500X690X900","True"
"S206429","DUTO REDUÇÃO 250MM - 651X444X250MM","651X444X250","True"
"S206430","REFRIG BASE 1 GAV INOXIDAVEL-AL CHICOTE PADRAO PARAGUAI - 1250X700X580","1250X700X580","True"
"S206431","CONSERVADOR DE FRITURA LA 350 TOMADA PADRAO PARAGUAI","","False"
"S206432","FREEZER P COPOS 430-AL TOMADA PARAGUAI 1000X710X1040","1000X710X1040","True"
"S206434","CONSERCADOR DE PROTEINAS INOX P 8 GNS PASS THRU CHICOTE PADRAO PARAGUAI 920X368X377","920X368X377","True"
"S206435","MODULO ESCORREDOR PARA SAIDA DE LINHA DE MONTAGEM FASTFOOD C PRATELEIRAS","","False"
"S206436","CAIXA TIMER 3 E 518X100X99","518X100X99","True"
"S206437","PISTA AQUECIDA BANHO MARIA P 4GN - C GAB FECH INOX 304 1 CORRE BAND LISO 1530x895x900mm","1530x895x900","True"
"S206438","GABINETE NEUTRO COM PORTAS - INOX 304 - 1000x600x750mm","1000x600x750","True"
"S206439","PISTA AQUECIDA BANHO MARIA P 4GN - C GAB FECH INOX 304 2 CORRE BAND LISO 1530x1260x900mm","1530x1260x900","True"
"S206444","SUPORTE PARA ABAFADOR DE HAMBURGUER INOX 200 - 1800X250MM C INCLINAÇÃO E ABA DE APOIO","1800X250","True"
"S206453","BANCADA DE ENTRADASAIDA MAQ. LAVAR 900X770X900MM INOX-304","900X770X900","True"
"S206454","BANCADA DE ENTRADASAIDA MAQ. LAVAR 1200X770X900MM INOX-304","1200X770X900","True"
"S206455","CAIXA DE INSPEÇÃO 304 SIFAO CESTO PERF 450X450","450X450","True"
"S206459","COIFA DE ENCOSTO S FILTRO S ILUMINAÇÃO 304 2000X600X450","2000X600X450","True"
"S206463","SHOUT PARA TALHERES DE SOBREPOR 304 - 480X400X400 MM","480X400X400","True"
"S206474","BANCADA ENC LP PRAT LISA 430 COM PRAT SOBRE MONT TUB 1 PLANO C SUP ROLO ETIQUETA 1600X700X1450","1600X700X1450","True"
"S206475","TAMPO PARA REFRIGERADOR CENTRO 1600X700","1600X700","True"
"S206490","GHICHE PARA DEVOLUÇÃO 2 BOX - INOX 304 760 x 350 x 630mm","760 x 350 x 630","True"
"S206491","GHICHE PARA DEVOLUÇÃO 4 BOX - INOX 304 450 x 350 x 1150mm","450 x 350 x 1150","True"
"S206496","ARMARIO VERTICAL ABERTO INOX 304 880x350x1500- C 2 PRAT INTERM COM PUXADOR E RODIZIOS","880x350x1500","True"
"S206497","REFRIG. HORIZ. 3P CAB. DIR. INOX 430_AL - 1880X700X900MM CTAMPO DE ENC. E PISTA P2GN 11","1880X700X900","True"
"S206498","REFRIG. HORIZ. 2 P CAB. DIR. INOXAL 430 - 1500X700X900MM C TAMPO DE CENTRO E PISTA P4GN 11","1500X700X900","True"
"S206499","GABINETE NEUTRO COM PORTAS DE CORRER -INOX-304 - 900X700X900 MM C TAMPO ENC","900X700X900","True"
"S206500","ESTANTE 4 PLANOS LISOS 304 1600X500X1750","1600X500X1750","True"
"S206501","BANCADADE ENTRADA E SAIDA MAQ. LAVAR 600X780X850","600X780X850","True"
"S206503","T DE CONEXÃO 90° HORIZONTAL 930x732x443mm","930x732x443","True"
"S206504","DUTO COM ÂNGULO 120° DE 1085mm","","False"
"S206510","CABEÇOTE P 5 GNS REFRI SOBREPOR HORIZ 965X380X240","965X380X240","True"
"S206516","TRANSFORMADOR DE - 590X380MM P 550 MM","590X380","True"
"S206518","GABINETE NEUTRO C PORTAS 304 - 1100X700X750MM TAMPO DE ENC. C2GAV, FECHADURA E SEM PÉS","1100X700X750","True"
"S206519","MODULO BAR BASE REFRIGERADA 3G CD INOX 304AL- 2000X700X550MM C FECHADURA E SEM PÉS","2000X700X550","True"
"S206520","MODULO CUBA GELO INOX 304 - 388X458X152 MM INJETADO","388X458X152","True"
"S206521","MODULO CUBA DE GELO C TAMPA INOX 304 - 400X700X750mm","400X700X750","True"
"S206522","GABINETE NEUTRO COM PORTAS-INOX-304 - 2100X700X750MM TAMPO DE ENC. C FECHADURA SEM PÉS","2100X700X750","True"
"S206523","FREEZER HORIZ. 2 P CAB. REMOTA INOXAL 430 - 1150X700X750 MM C FECHADURA C TAMPO DE ENC. SEM PÉS","1150X700X750","True"
"S206528","REFRIGERADOR BASE COCÇÃO 6 GAV. CAB. DIR. INOXIDÁVEL_AL - 1880X700X660MM C ROD","1880X700X660","True"
"S206529","REVESTIMENTO DE PAREDE PRE PINTADO PRETO - 4400X1200MM","4400X1200","True"
"S206532","VITRINE AQUECIDA DE SOBREPOR PRETA 1000X670X330 MM","1000X670X330","True"
"S206533","VITRINE REFRIGERADA DE SOBREPOR PRETA 1000X670X330MM","1000X670X330","True"
"S206535","BANCADA DE ENCOSTO L PRO CONTRAV-INOX-304- 700X640X1695 MM C PRAT. SUP. TRAY REST","700X640X1695","True"
"S206537","MODULO FECHADO SEM TAMPO -INOX-304 - 468X700X900MM","468X700X900","True"
"S206538","MODULO FECHADO SEM TAMPO -INOX-304 - 500X700X900MM","500X700X900","True"
"S206539","PRAT SOBRE MONT 2 PLANOS 1° P P 8 GNS 1-3X100 E 2° C 2 SUP P BISNAGA 1600X400X600","1600X400X600","True"
"S206542","CJ DE SISTEMA DE EXAUSTAO 4400X1400X450 - COM SAÍDA DE EXAUSTÃO LATERAL","4400X1400X450","True"
"S206549","ESTANTE 4 PLANOS PERFURADOS LP INOX 304 - 800X500X1750MM","800X500X1750","True"
"S206552","ARMARIO VERTICAL FECHADO INOX 304 1000X500X1500 C 3 PRAT. INTERM","1000X500X1500","True"
"S206556","MODULO EXPO AQUEC 2GN SGNS PROTETOR SALIVAR INCLINADO E REGUAS SOLDADAS 700X1360X1370","700X1360X1370","True"
"S206557","MODULO EXPO AQUEC 4GN SGNS PROTETOR SALIVAR INCLINADO E REGUAS SOLDADAS 1565X1360X1370","1565X1360X1370","True"
"S206558","MODULO EXPOSITOR REFRIG. 304 3 GN PROTETOR SALIVAR INCLINADO REGIAS SOLDADAS 1200X1360X1370","1200X1360X1370","True"
"S206559","MODULO EXPOSITOR NEUTRO 304  TAMPO LISO PROTEOR SALIVAR INCLINADO REGUAS SOLDADAS  1200X1360X850","1200X1360X850","True"
"S206565","BANCADA PARA PEIXE 304 COM FECHO RAPIDO E TAMPO RETO 1800X100X840","1800X100X840","True"
"S206572","BANCADADE ENTRADA E SAIDA MAQ. LAVAR 1400X780X850","1400X780X850","True"
"S206573","T DE CONEXAOHORIZONTAL E VERTICAL 790X730X556","790X730X556","True"
"S206578","CARRO P CHURRASCO 430 C GAVETA  P GORDURA 450X700X900","450X700X900","True"
"S206579","FREEZER HORIZ. 2 P CAB. DIR. INOXAL 430 - 1380X700X900 MM C ROD","1380X700X900","True"
"S206581","BANCADA LP-304 APOIO PARA FORNO FORZA TAMPO CTO. 700X700X700MM","700X700X700","True"
"S206590","TAMPA INOX 304","","False"
"S206596","DUTO RETANGULAR 590X380X1200","590X380X1200","True"
"S206602","BANCADA DE ENCOSTO L PRO 304 ESP TRAS CONTRAV 650X700X500","650X700X500","True"
"S206603","GUICHE PARA DEVOLUÇÃO 2 BOX 1200 x 400 x 650mm","1200 x 400 x 650","True"
"S206604","GUICHE PARA DEVOLUÇÃO 3 BOX 1260 x 400 x 770mm","1260 x 400 x 770","True"
"S206605","PRATELEIRA INTERMEDIARIA PERFURADA INOX 304 PARA VITRINE  - 600x440mm","600x440","True"
"S206607","TAMPO VINC ENC P REF-FRZ HOR C CUBA DIR 40X34X18 1500 ESP LD","40X34X18","True"
"S206608","GABINETE NEUTRO C PORTAS 304 COM TAMPO DE CENTRO C CBE 40X34X18 E 300 1500X700X900","40X34X18","True"
"S206612","PRATELEIRA SUP LISA MONTANTE 2 PLANOS C SUP PARA ROLO DE ETIQUETA 1200X400X800","1200X400X800","True"
"S206615","CESTO PARA COZEDOR DE MASSAS A GAS INOX 304 COM ALÇAS 450x440x230mm","450x440x230","True"
"S206616","COIFA DE ENCOSTO S FILTROS S ILUMINAÇÃO -INOX-430 - 1260X1880X450 MM","1260X1880X450","True"
"S206617","MESA AQUECIDA P SAIDA DELIVERY 1500MM C PRAT. SOBRE MONT. 3 PLANOS P GNS E APOIO BISNAGAS - 1500X500X1800MM","1500X500X1800","True"
"S206619","MESA INOX 430 1,90X070X0,85 LISA COM 6 PES PRAT LISA","90X070","True"
"S206622","MESA DESMONTAVEL INOX 430 SISTEMA DE ENCAIXE GRADEADA - 1,50X0,70X0,85M","","False"
"S206623","SUPORTE PARA EMBALAGENS E ETIQUETAS INOX 304 - 1000X290X427MM","1000X290X427","True"
"S206632","GABINETE NEUTRO C 6 GAV. INOX-304 - 2200X700X900MM C NICHO PARA CARRO DETRITOS TAMPO C CUBA 50X40X25 #18","2200X700X900","True"
"S206633","TAMPO PARA REFRIGERADOR CENTRO 1500X700","1500X700","True"
"S206634","BANCADADE ENTRADA E SAIDA MAQ. LAVAR 304 #18 2 C60X50X33 PRAT PERF. 2100X780X900","60X50X33","True"
"S206635","BANCADADE ENTRADA E SAIDA MAQ. LAVAR 304 #18 2 C60X50X33 PRAT PERF. 2300X780X900","60X50X33","True"
"S206636","BANCADA DE CENTRO P APOIO DE MAQ DE LAVAR 304 #18 PRAT PERF 1000X700X900","1000X700X900","True"
"S206637","COIFA S-FILTRO E S-ILUMINAÇÃO - INOX 304 - 900X900X450 #18","900X900X450","True"
"S206641","BANCADA CENTRO LP 2 PRAT LISA C RECORTE P 6 GN 1-3X100 E PRAT SOB MONT 1 ESQ 2000X400X500 - 2500X700X900","2000X400X500","True"
"S206642","MODULO NEUTRO L700 720MM C RECORTE PARA FOGÃO COOK TOP 560X490MM","560X490","True"
"S206643","FILTRO FIRE GUARD - 420x900mm","420x900","True"
"S206645","PAINEL DA GAVETQA REFRIG. BASE DE COCÇÃO L700 430 INJETADO","","False"
"S206646","ILHA CENTRAL DELIVERY 304 - 2000X1000X1750MM BANHO MARIA, RECORTE TAMPO P GN'S E CANT","2000X1000X1750","True"
"S206647","BANCADA DE CENTRO L PRO 304 C-2 PRAT LISA 2000X1000X900","2000X1000X900","True"
"S206650","MODULO EXPOSITOR AQUECI 2 GN 1-1 150 C PROTETOR SALIVAR RETO 700X1060X1370 C 1 CORRE BAND","700X1060X1370","True"
"S206651","MODULO EXPOSITOR AQUECI 4 GN 1-1 150 C PROTETOR SALIVAR RETO 1565X1060X1370 C 1 CORRE BAND","1565X1060X1370","True"
"S206652","MODULO EXPOSITOR REFRI 3GN 1-1-150 C PROTETOR SALIVAR RETO 1200X1060X1370 C 1 CORRE BAND","1200X1060X1370","True"
"S206653","MODULO EXPOSITOR NEUTRO LISO C PROTETOR SALIVAR RETO  650X1060X850 C 1 CORRE BAND","650X1060X850","True"
"S206655","MESA ENC 304 CBD 60X50X33 E 520 ELE PRAT LISA 1900X700X900","60X50X33","True"
"S206656","MESA ENC 304 CBE 60X50X33 E 520 ELD PRAT LISA 1900X700X900","60X50X33","True"
"S206657","MESA ENC 304 CBD 60X50X33 E 390 ELE PRAT LISA 1900X700X900","60X50X33","True"
"S206658","MESA ENC 304 PRAT LISA ESP LE 1750X700X900","1750X700X900","True"
"S206659","MESA ENC 304 CBE 60X50X33 E 430  PRAT LISA 1900X700X900","60X50X33","True"
"S206660","PRATEL SUP LISA SOBRE MONTANTES 2 PLANOS-304-2000X400X800 MM - 1 P. C 2 HEAT LAMP E RECORTE 2 P. PARCIAL","2000X400X800","True"
"S206661","MESA INOX 430 0,62X0,62X0,85 PRAT LISA","","False"
"S206664","COIFA DE CENTRO C FILTRO E ILUMINAÇÃO - 430 3100X1800X450MM","3100X1800X450","True"
"S206665","REFRIG. VERT. 1 PORTA VIDRO INVERTIDA INOXIDAVELAL – 700X800X2050 MM C3 PRAT PERF. INOX","700X800X2050","True"
"S206667","CHAR BROILER A GAS ALTO DESEMPENHO 1000X820X900 MM","1000X820X900","True"
"S206671","BASE DE APOIO TUBULAR LA 320X660x670 MM C RODIZIOS","320X660x670","True"
"S206673","REVESTIMENTO DE PAREDE INOX 200 - 2400X1000MM","2400X1000","True"
"S206674","BANCADA L PRO C01 CUBA-304 63X51X40-1470X600X1900 MM C PRAT. SOB. 1PLANO","63X51X40","True"
"S206675","BUFFET INOX ABERTO - 1100X600X800 MM C RODAS E DISPENSER PARA COPOS","1100X600X800","True"
"S206676","BUFFET INOX ABERTO - 600X500X780 MM C RODAS - LATERAL PERFURADA","600X500X780","True"
"S206677","BANCADA DE ENCOSTO LP 1300X700X1870MM 304 CCB 30X30X10, CESTO PERF, PRAT. SOB. 2 PLANOS E FURO DETRI","1300X700X1870","True"
"S206678","BANCADA DE ENTRADASAIDA MAQ. LAVAR 1200X780X900MM INOX-304 C CBD 50X40X25 - E 350","1200X780X900","True"
"S206679","ARMARIO VERTICAL 600X400X1800MM INOX-304 C 03 PRAT. INTERMEDIARIAS","600X400X1800","True"
"S206680","PRATEL SUP LISA SOBRE MONTANTES 2 PLANO-304- 2000X400X850 MM","2000X400X850","True"
"S206681","BANCADA LP 430 APOIO FORNO COMB TAMPO CTO 700X600X900","700X600X900","True"
"S206682","BANCADA DE ENTRADASAIDA MAQ. LAVAR 700X620X900MM INOX-304","700X620X900","True"
"S206685","BANCADA DE CENTRO L PRO PRAT 304 1600X700X900X MM C RECORTE P  5 GNS 1-3 E TAMPO AQUECIDO","1600X700X900","True"
"S206687","COIFA DE ENCOSTO 700X770X700","700X770X700","True"
"S206688","CUBA INOX 304 C ACESSORIOS-20230228T223454Z-001-20230826T140120Z-001","","False"
"S206689","02","","False"
"S206696","MESA 304 ESP TRAS PRAT LISA 1050X700X900","1050X700X900","True"
"S206697","MESA ENC  304 CBE 70X60X50 E 550 ESP LDE PRAT LISA 1900X700X900","70X60X50","True"
"S206698","MESA ENC 304 CBE 60X50X40 E 450 ESP LDE PRAT LISA","60X50X40","True"
"S206699","MESA 304 CBD 60X50X40 E 450 ESP LDE PRAT LISA 1900X700X900","60X50X40","True"
"S206700","MODULO EXPOSITOR NEUTRO LISO C PROTETOR SALIVAR RETO 650X1360X850","650X1360X850","True"
"S206701","MESA ENC 304 CBE 70X60X50 E 500 ESP TRAS LDE PRAT LISA","70X60X50","True"
"S206702","MESA ENC 304 CBE 60X50X40 E 450 ESP LDE PRAT LISA 1950X700X900","60X50X40","True"
"S206703","MESA ENC 304 CBD 60X50X40 E 500 ESP LDE PRAT LISA C PLACA DE ALTILENO 60X50X20 1950X700X900","60X50X40","True"
"S206704","CHAIR BROILER A GAS GN ALTO DESENMPENHO 400X800X900","400X800X900","True"
"S206709","MODULO EXPOSITOR AQUEC. 5 GNS 1-1X150 C PROT SAL RETO 1800X1060X1370MM C 1 CORRE BAND","1800X1060X1370","True"
"S206710","MODULO EXPOSITOR AQUEC. 2 GNS 1-1X150 C PROT SAL RETO 800X1060X1370MM C 1 CORRE BAND","800X1060X1370","True"
"S206714","GUICHE PARA DEVOLUÇÃO 2 BOX 820X400X500mm","820X400X500","True"
"S206715","REFRIG HORI","","False"
"S206719","PRAT. SOBRE MONT. 3 PLANOS 201 - 1° PLANO P 8GN'S 1_3X100 E 2 P. LISOS C SUPORTE BISNAGA","","False"
"S206727","GUICHE PARA DEVOLUCAO 430 - 4 BOX-800X400X480 MM","800X400X480","True"
"S206729","ESTUFA DUPLA FRIA INOX - SUP FECHADO INF. AUTO SERVICO 1200X700X1790MM","1200X700X1790","True"
"S206733","BANCADA CENTRO LP CONTRAV 430 APOIO COCÇÃO LA 920X680X750mm","920X680X750","True"
"S206740","PRATEL SUP LISA L PRO 304 TRAY REST 1450X450 FIXAÇÃO NO TETO","1450X450","True"
"S206744","CONSERVADOR DE FRITURAS C GABINETE FECHADO 800x680x1320","800x680x1320","True"
"S206746","BANCADA DE ENCOSTO L PRO LISA 304 2000X700X900XC BANHO MARIA ESQUERDO P2 GN 1-1X150","2000X700X900","True"
"S206751","PISTA AQUEC. B. MARIA C_GAB. FECH. 430-1500X645X850 P.ABRIR 430 E PROT. SALIVAR-S_CORRE BANDEJA","1500X645X850","True"
"S206752","BANCADA DE CENTRO L PRO PRAT LISA 430 C RECORTE CENTRAL P 9 GN 1-6 - 1600X1000X9000","1600X1000X9000","True"
"S206753","PISTA REFRIGERADA 3GN 1-1X65 1200 PROT C LED C GAB 430 MEIA SAIA E 2 CORRE BANDEJA LISO","","False"
"S206754","MODULO BANHO MARIA 5 GNS 1-1X100 1850 PROT C LET C GAB  430 MEIA SAIA E 2 CORRE BANDEJA","","False"
"S206755","REVESTIMENTO DE PAREDE 430 1591X1100","1591X1100","True"
"S206756","REVESTIMENTO DE PAREDE 430 2700X1100","2700X1100","True"
"S206761","PRAT. SOBRE MONT. 3 PLANOS 430 - 1° PLANO P 8GN'S 1_3X100 E 2 P. LISOS C SUPORTE BISNAGA","","False"
"S206762","MODULO ESCORREDOR 304 ESQUERDO P SAIDA DE MONTAGEM FASTFOOD C PRATELEIRAS","","False"
"S206763","PRATELEIRA  SOBRE MONT 2 PLANOS 304 1 PLANO P 5 GN 1-3X100 E SUP PARA BISNAGA 2 P LISO","","False"
"S206764","PISTA BANHO MARIA G GN 1-1X100 2170 PROT C LED C GAB 430 FECHADA E 1 CORRE BANDEJA TUBULAR","","False"
"S206772","PLACA POLIETILENO 10mm 996X668X10mm PARA MESA 1000X700X900mm","996X668X10","True"
"S206773","CARRO AUXILIAR 02 PLANOS 304 C GUIDAO 530X1500X850","530X1500X850","True"
"S206774","GRELHA DE PISO L PRO 900X200X80","900X200X80","True"
"S206775","GRELHA DE PISO L PRO 400X400X80","400X400X80","True"
"S206780","BANCADA DE CENTRO L PRO PRAT LPERF 201 C 2 GAVETAQS E 6 PES 2000X700X900","2000X700X900","True"
"S206781","COIFA INOX C FILTROS DE CARVÃO ATIVO 1700X1200X350MM","1700X1200X350","True"
"S206782","GRELHA DE PISO 304 CESTO PERF REM C GRAPAS 400X200X40","400X200X40","True"
"S206783","GRELHA DE PISO 304 CESTO PERF REM C GRAPAS 900X180X40","900X180X40","True"
"S206788","ESTANTE 4 PLANOS LISOS LP INOX 304 - 1400X600X1750MM","1400X600X1750","True"
"S206789","FREEZER VERT. 2P BI-P. INOX 304AL-700X800X2050MM CROD 3 C 04 GRADES","700X800X2050","True"
"S206790","REFRIGERADOR VERTICAL 2P BI-P. 304AL-700X800X2050MM CROD 3 C 04 GRADES","700X800X2050","True"
"S206793","BANCADA DE CENTRO L PRO 2 PRAT LISA 304 COM TAMPO AQUECIDO 1500X800X900","1500X800X900","True"
"S206795","CONDIMENTADORA NEUTRA 304P 6 GN 1-3 INCLINADO 1200X370X130","1200X370X130","True"
"S206796","MODULO COM 1 CUBA 400X340X180MM  304 - 800X580X900MM","400X340X180","True"
"S206799","PRATEL SUP LISA SOBRE MONTANTE 1 PLANO 304 1500X400X620","1500X400X620","True"
"S206800","COIFA DE CENTRO S FILTRO S ILUMINAÇÃO 430 2850X1200X450","2850X1200X450","True"
"S206814","SUPORTE P FIXAÇÃO DE MANTEGUEIRA TOSTADOR","","False"
"S206816","ESTANTE 4 PLANOS PERFURADOS LP INOX 304 - 1000X600X1800MM","1000X600X1800","True"
"S206821","GRELHA DE PISO 304 CESTOPERFREMOV. CGRAPAS 1200X150X40MM","1200X150X40","True"
"S206822","GRELHA DE PISO 304 CESTOPERFREMOV. CGRAPAS 1000X150X40MM","1000X150X40","True"
"S206823","GRELHA DE PISO 304 CESTOPERFREMOV. CGRAPAS 900X150X40MM","900X150X40","True"
"S206826","FECHAMENTO TRASEIRO PARA REFRIGERADOR INOX 430 - 1380X710 MM","1380X710","True"
"S206827","PRATEL SUP LISA SOBRE MONTANTES 2 PLANOS-304-1380X400X800 MM","1380X400X800","True"
"S206829","ESTAÇÃO DE MONTAGEM DE ENCOSTO","","False"
"S206830","CARRO TRANSP. ESQUEL. 430 400X700X1800 MM C 9 PRATELEIRAS","400X700X1800","True"
"S206831","GABINETE NEUTRO ABERTO CENTRO-304-1600X700X900MM C RECORTE P 5 GN'S 1_3X100 TAMPO AQUECIDO E FECH. LATERAL","1600X700X900","True"
"S206832","TAMPA GRELHA PISO INOX 304 990x192x15MM","990x192x15","True"
"S206833","COIFA DE CENTRO C FILTROS E ILUMINAÇÃO-430- 4200X2100X450 MM BI-PARTIDA","4200X2100X450","True"
"S206834","MODULO EXPOSITOR REFRI PLANO 3GN 1-1 C TP 1200X1360X1370MM","1200X1360X1370","True"
"S206848","COIFA DE ENCOSTO CFILTROS E ILUMINACAO 430  - 3800X900X450 MM","3800X900X450","True"
"S206856","BANCADA DE CENTRO L PRO PRAT LISA-INOX 430- 1600X700X900 MM C RECORTES P 5 GN'S 13X100 TAMPO AQUECIDO","1600X700X900","True"
"S206857","BANCADA DE ENTRADASAIDA MAQ. LAVAR 1600X770X900MM INOX-304  C CBD 50X40X25","1600X770X900","True"
"S206859","GABINETE NEUTRO COM PORTAS-INOX-430 - 1950X700X650 MM","1950X700X650","True"
"S206860","PRAT. SOBRE MONT. 3 PLANOS INOX 430 - 1° PLANO P8GN'S 13X100 E 2 P. LISOS SUPORTE HORIZ. BOBINAS","13X100","True"
"S206861","PRAT. SOBRE MONT. 3 PLANOS INOX 430 - 1° PLANO P7GN'S 13X100 E 2 P. LISOS SUPORTE HORIZ. BOBINAS 1500X400X1000MM","13X100","True"
"S206866","BANDEJA INOX 430 #22 LISA 900x700x110mm","900x700x110","True"
"S206867","BANDEJA INOX 430 #22 LISA 1500x140x60mm","1500x140x60","True"
"S206868","DIVISÓRIA PARA CONSERVADOR DE FRITURAS AR FORÇADO","","False"
"S206871","PRAT. SOBRE MONT. 3 PLANOS 304 1° PLANO P 8 GN'S DIREITAS 13X100 E 2 P. LISOS C SUPORTE BISNAGA ESQUERDO","13X100","True"
"S206873","GRELHA DE PISO 304 CESTO PERF REMOV. C GRAPAS 1000X180X50MM","1000X180X50","True"
"S206874","MESA INOX 430 0,55 X 0,70 X 0,40 M - LISA PRAT. LISA","","False"
"S206875","BANCADA DE CENTRO L PRO PRAT LISA-INOX-430-1600X1000X900MM","1600X1000X900","True"
"S206877","GABINETE NEUTRO CHANFRADO COM 5 PORTAS PERFURADAS -INOX-304 - 2500X690X900 MM","2500X690X900","True"
"S206878","FECHAMENTO INOX 304 VERTICAL 800X34X1890MM C SAPATA","800X34X1890","True"
"S206882","BANCADA DE ENCOSTO L PRO PRAT LISA 304-1900X670X900 MM P RECEBER TABULA DE ALTILENO","1900X670X900","True"
"S206884","COIFA DE ENCOSTO CFILTROS E ILUMINACAO-304- 2200X1400X450 MM","2200X1400X450","True"
"S206886","ESTANTE INOX 304 0,85X0,50X1,80-C04 PRAT.PERF. FIXAÇÃO NO CHÃO #22","","False"
"S206890","PISTA BANHO MARIA 6GN 1-1X200 - 2170 PROT COM LED COM GAB. 430 FECHADO  E 2 CORRE BANDEJAS LISOS","","False"
"S206891","MESA FORNO MINI CONV  C SUP  PASSD  430   580X700X900","580X700X900","True"
"S206893","BANCADA DE CENTRO TAMPO PERFURADO L PRO PRAT INF. PERF-INOX-304- 1200X700X900 MM","1200X700X900","True"
"S206900","GRELHA DE PISO L PRO-800X200X75 MM C SAIDA CENTRAL","800X200X75","True"
"S206901","GRELHA DE PISO L PRO-400X400X75 MM C SAIDA CENTRAL","400X400X75","True"
"S206902","CARRO TRANSP. ESQUEL. 304 440X600X1800 MM PASSADEIRAS 40X60","440X600X1800","True"
"S206903","ESTANTE 4 PLANOS LISOS LP INOX 304 - 600X500X1655MM PLANOS SOLDADOS","600X500X1655","True"
"S206905","CABECOTE P 04 GN'S 19X100MM REFRI. SOBREPOR HORIZ. C TAMPA ACRILICO 860X170X150MM","19X100","True"
"S206910","CORPO INTERNO P PISTA AQUECIDA P 6 GN'S - 2710X645X154MM","2710X645X154","True"
"S206911","BANCADA DE CENTRO TAMPO AQUECIDO LP 2 PRAT LISA-INOX-304- 1400X500X900 MM","1400X500X900","True"
"S206912","PRATEL SUP LISA SOBRE MONTANTES 1 PLANO-304- 1400X260X400 MM C RECORTE P GN'S","1400X260X400","True"
"S206913","CARRO CANTONEIRA SOLDADO PARA ASSADEIRAS INOX 304 - P 8 ASSAD. 475X680X1700MM","475X680X1700","True"
"S206914","CARRO CUBA INOX 304 S TAMPA 250 LITROS - 740X820X900MM","740X820X900","True"
"S206915","CARRO ABRIR CARNES A VACUO COM GUIDÃO INOX 304 900X600X900MM C PRAT","900X600X900","True"
"S206920","CONSERVADOR DE FRITURAS 1000X680X1320MM C GAB. FECHADO E APOIO BATATAS C BANHO MARIA 3 GN'S","1000X680X1320","True"
"S206921","CARRO AUX. 430 610X915X820MM - 02 CUBAS","610X915X820","True"
"S206922","BANCADA DE CENTRO L PRO C TAMPO INJETADO PARA PEIXE CONTRAV-INOX-304- 2000X900X900MM C ROD","2000X900X900","True"
"S206923","GABINETE NEUTRO ABERTO CENTRO-304-1600X700X900MM C RECORTE P 5 GN'S 1_3X100 TAMPO AQUECIDO E FECH. LATERAL","1600X700X900","True"
"S206924","BANCADA DE CENTRO L PRO PRAT LISA-INOX-304- 1300X700X900 MM C RECORTE P 5 GNS","1300X700X900","True"
"S206932","PRATEL SUP LISA L PRO-INOX-304 - 700X500 MM C MÃO FRANCESA INVERTIDA","700X500","True"
"S206934","COIFA DE ENCOSTO CFILTROS C ILUMINAÇÃO -INOX-430 -4050X900X450MM BI PARTIDA","4050X900X450","True"
"S206935","COIFA DE ENCOSTO S-FILTRO S-ILUMINAÇÃO INOX 430 - 1000 X 900 X 450","1000 X 900 X 450","True"
"S206942","ESTUFA FRIA SOBREPOR INOX - 500X550X290MM","500X550X290","True"
"S206946","CARRO ISOTERMICO 500X600X900MM","500X600X900","True"
"S206954","BASE DE APOIO 430 PARA PISTA AQUECIDA 1000X400X120MM","1000X400X120","True"
"S206956","BASE DE APOIO FECHADA COM PORTAS LA 900X700x660 MM","900X700x660","True"
"S206957","MODULO NEUTRO LA 300X680x325 MM","300X680x325","True"
"S206958","BASE DE APOIO FECHADA COM PORTAS LA 950X700x660 MM","950X700x660","True"
"S206959","COIFA DE ENCOSTO S FILTROS E ILUMINAÇÃO-INOX 430 -950X900X450 MM","950X900X450","True"
"S206960","ESTAÇÃO CENTRAL REFRIGERADA","","False"
"S206962","GABINETE NEUTRO C PORTAS CORRER-INOX-304 - 1700X700X900MM C TAMPO ENC E CBD 50X40X25 E400","1700X700X900","True"
"S206963","GABINETE NEUTRO C PORTAS CORRER-INOX-304 - 1700X700X900MM C TAMPO ENC","1700X700X900","True"
"S206964","GABINETE NEUTRO C PORTAS CORRER-INOX-304 - 2000X700X900MM C TAMPO ENC","2000X700X900","True"
"S206965","GABINETE NEUTRO C PORTAS CORRER-INOX-304 - 1600X700X900MM C TAMPO ENC","1600X700X900","True"
"S206971","GABINETE NEUTRO C PORTAS CORRER-INOX-304 - 2000X700X900MM C TAMPO ENC E CBD 50X40X25 E400","2000X700X900","True"
"S206972","GABINETE NEUTRO C PORTAS CORRER-INOX-304 - 1800X700X900MM C TAMPO ENC","1800X700X900","True"
"S206973","ESTANTE 4 PLANOS PERFURADOS LP INOX 304 - 825X500X1750MM","825X500X1750","True"
"S206976","REFRIG. HORIZ. 3P CAB. ESQ. INOX 304_INOX 304-2100X700X1190MM TAMPO ENC. C CUBA ESTENDIDO E FECH","2100X700X1190","True"
"S206977","COIFA DE ENCOSTO C FILTROS E ILUMINACAO-430- 1000X700X450 MM","1000X700X450","True"
"S206978","COIFA DE ENCOSTO C FILTROS E ILUMINACAO-430- 2750X1500X450 MM","2750X1500X450","True"
"S206979","COIFA DE ENCOSTO C FILTROS E ILUMINACAO-430- 2800X1000X450 MM","2800X1000X450","True"
"S206980","COIFA DE ENCOSTO C FILTROS E ILUMINACAO-430- 1500X1500X450 MM","1500X1500X450","True"
"S206985","GABINETE NEUTRO COM PORTAS-INOX-430 - 1300X700X900 MM C TAMPO DE ENCOSTO","1300X700X900","True"
"S206986","COIFA DE ENCOSTO CFILTROS E ILUMINACAO-430- 4200X1100X450 MM BI PARTIDA","4200X1100X450","True"
"S206988","SUPORTE PARA GNS INOX 304 C 7 CANTONEIRAS","","False"
"S206990","BANCADA LP-304 APOIO FORNO.COMB. TAMPO CTO. 1075X800X700MM","1075X800X700","True"
"S206993","FOGAO A GAS GLP 4 QUEIMADORES DUPLOS 9Kw L700 720MM","","False"
"S206994","PRATEL SUP PERFURADA L PRO-INOX-304 - 1500X500 MM","1500X500","True"
"S206995","GABINETE NEUTRO COM PORTAS-INOX-304 - 2600X700X900 MM TAMPO ENC. C CUBA 60X50X40 E 4 GAV","2600X700X900","True"
"S206996","ESCORREDOR DE PRATOS 430 - 1600X400MM P FORMAS DE 350","1600X400","True"
"S206997","PRATEL SUP LISA L PRO-INOX-430 - 1900X250MM","1900X250","True"
"S206999","PASSA PRATOS COM CORREDIÇAS INOX 430 2 PLANOS 910X400X570MM","910X400X570","True"
"S207000","MODULO REFRIG. INOX 304 4GN 11-65 C PROTETOR SALIVAR 1530MM C 1 CORRE BAND. TUBULAR GAB.FECHADO","","False"
"S207001","MODULO AQUEC. INOX 304 5GN 11-100 C PROTETOR SALIVAR 1850MM C 1 CORRE BAND. TUBULAR GAB. FECHADO","","False"
"S207002","MODULO NEUTRO INOX 304 APOIO PRATOS E TALHERES 1000X700X1500MM C PRAT. SOBRE MONT. 2 PLANOS","1000X700X1500","True"
"S207003","PRATEL SUP LISA SOBRE MONTANTES 2 PLANOS-304-750X500X900 MM","750X500X900","True"
"S207005","CARRO CHASSI C PUXADOR ALÇA TUBULAR 780X580X900MM AISI 304","780X580X900","True"
"S207006","CARRO PLATAFORMA 304 720X500X900MM","720X500X900","True"
"S207010","GUICHE PARA DEVOLUCAO INOX 304  1 BOX-600X400X480 MM","600X400X480","True"
"S207011","GABINETE APOIO PISTA REFRIG. - INOX 430 - 1500X645X850 MM P 04 GN'S","1500X645X850","True"
"S207014","REFRIGERADOR BASE COCÇÃO 3 PORTAS. INOXIDAVELAL -1900X700X580MM","1900X700X580","True"
"S207015","CHAPA CLAM SHELL 3 PLATTERS","","False"
"S207016","ARMARIO DML 500X400X1600 INOX-304 CFECHADURA E 4 PRAT. INTERMEDIARIAS #18","500X400X1600","True"
"S207017","CARRO PARA TRANSPORTE DE CAIXA 410X615X180 MM AISI 304 #14 ROD. 4","410X615X180","True"
"S207018","CARRO PARA TRANSPORTE DE CAIXA 510X510X180 MM AISI 304 #14 ROD. 4","510X510X180","True"
"S207020","CARRO PARA GN'S C TAMPO 870X550X1100MM INOX 304","870X550X1100","True"
"S207021","TAMPO LISO DE ENCOSTO L PRO-304-570X600X40 MM","570X600X40","True"
"S207024","TAMPO LISO DE ENCOSTO L PRO-304-700X700X40 MM C RECORTE PARA COLUNA","700X700X40","True"
"S207026","BANCADA DE ENTRADASAÍDA MAQ. LAVAR 650X620X900MM","650X620X900","True"
"S207027","BANCADA DE ENTRADASAÍDA MAQ. LAVAR 1700X620X900MM INOX-304 C CUBA 50X40X33","1700X620X900","True"
"S207028","GUICHE PARA DEVOLUÇÃO 2 BOX 1000x400x600mm","1000x400x600","True"
"S207029","CARRO P DETRITOS 80 L C PEDAL 304 Ø570X630MM","570X630","True"
"S207030","CARRO TRANSP. ESQUEL. 304 400X560X1580 MM P16 GNS 1_1X65","400X560X1580","True"
"S207031","COIFA DE ENCOSTO C FILTROS E ILUMINAÇÃO-INOX-430 -2350X900X450 MM","2350X900X450","True"
"S207033","APARADOR BASE INOX COM TAMPO GRANITO - 4500x400x1100MM","4500x400x1100","True"
"S207039","ESTANTE 4 PLANOS PERFURADOS LP INOX 304 - 1100X300X1750","1100X300X1750","True"
"S207043","BASE P TOSTADOR DE PÃES LISA C 2 PRAT. INF. LISA E RODIZIOS 700X800X900 M","700X800X900","True"
"S207045","GRELHA DE PISO INOX 304 - 700X150X75 MM","700X150X75","True"
"S207049","PRATEL SUP. SOBRE MONTANTES 03 PLANOS INOX 304 1600X400X1000 C SUPORTE GN'S E ETIQUETA","1600X400X1000","True"
"S207053","SUPORTE PARA AVENTAL COM 6 GANCHOS INOX 304 1200X50X100MM","1200X50X100","True"
"S207054","CARRO CANTONEIRA SOLDADO PARA ASSADEIRAS INOX 304 - P 12 ASSAD. 475X680X1700MM","475X680X1700","True"
"S207055","REVESTIMENTO DE PAREDE AÇO INOXIDAVEL 7660 X 1200MM - FABRICADO EM PARTES","7660 X 1200","True"
"S207056","CANTONEIRA PARA REVESTIMENTO DE PAREDE AÇO INOXIDAVEL 50X50X1200MM","50X50X1200","True"
"S207060","BANCADA DE ENCOSTO L PRO PRAT PERF-INOX-304-660X700X900 MM","660X700X900","True"
"S207061","PISTA REFRIGERADA PLANA DUPLA 1650","","False"
"S207062","PISTA AQUECIDA PLANA DUPLA 1400","","False"
"S207063","PISTA QUENTE SIMPLES 1400","","False"
"S207064","PISTA REFRIGERADA PLANA C CABEÇOTE 1200","","False"
"S207066","ESTANTE 4 PLANOS LISOS LP INOX 430 - 400X700X1900MM","400X700X1900","True"
"S207067","SUPORTE PARA ASSADEIRAS INOX 304 C 7 CANTONEIRAS","","False"
"S207068","PASSAGEM BASCULANTE INOX 304 1000X700","1000X700","True"
"S207069","PASSAGEM BASCULANTE INOX 304 1200X700","1200X700","True"
"S207071","CARRO PARA ASSADEIRAS INOX 304 870X550X1100 COM RODIZIOS","870X550X1100","True"
"S207072","MÓDULO PIA 1600X700X900","1600X700X900","True"
"S207073","REFRIGERADOR HORIZ ESQ 2P - 1400x700x880MM","1400x700x880","True"
"S207074","MÓDULO CANTO PAREDE 700x740x1200MM","700x740x1200","True"
"S207075","ESTUFA ALTA REFRIGERADA C TAMPO GRANITO 1000X700X1200MM","1000X700X1200","True"
"S207076","ESTUFA ALTA AQUECIDA C TAMPO GRANITO 1000X700X1200 MM","1000X700X1200","True"
"S207077","MÓDULO EM MDF COM PORTA PARA ESTOQUE E TAMPO EM GRANITO EM DOIS NIVEIS 1620X740X1200MM","1620X740X1200","True"
"S207078","MÓDULO CAIXA EM MDF COM TAMPO DE GRANITO 1100X720X1100 MM","1100X720X1100","True"
"S207079","PORTA VAI E VEM 680x800MM","680x800","True"
"S207080","FREEZER HORIZ 2P DIR TAMPO GRANITO C_CUBA - 1400x700x900MM","1400x700x900","True"
"S207081","PRATELEIRA SUPERIOR 700X450X200M","700X450X200","True"
"S207082","MÓDULO 700X700X900MM","700X700X900","True"
"S207083","APARADOR BASE INOX COM TAMPO GRANITO - 5500x400x1150MM","5500x400x1150","True"
"S207086","CURVA 90 P DUTO - 550X490X460 MM","550X490X460","True"
"S207088","DUTO RETANGULAR - 490X380X1125 MM","490X380X1125","True"
"S207089","TRANSFORMADOR DE - 490X380MM P Ø 500 MM","490X380","True"
"S207091","CURVA 90 P DUTO C TAMPA INSPECAO - 550X490X460 MM","550X490X460","True"
"S207092","DUTO RETANGULAR - 490X380X350 MM","490X380X350","True"
"S207093","DUTO RETANGULAR - 490X380X600 MM","490X380X600","True"
"S207094","CURVA 90 P DUTO - 550X490X380 MM","550X490X380","True"
"S207099","CHAPEU CHINES 1000X200MM P DUTO Ø500MM","1000X200","True"
"S207104","MODULO AQUECIDO SECO INOX 304 11-65 C PROTETOR SALIVAR 1850MM C 1 CORRE BAND. TUBULAR GAB. FECHADO","","False"
"S207106","COIFA DE ENCOSTO SILUMINAÇÃO-INOX-304 -2300X1700X450 MM","2300X1700X450","True"
"S207115","BANCADA CENTRO L PRO 02 PRAT LISA 304- 1600X700X900MM TAMPO AQUECIDO C RECORTE GN'S  E BANDEJA COLETORA","1600X700X900","True"
"S207116","PRAT. SOBRE MONT. 3 PLANOS 304 - 1° PLANO P8GN'S 13X100 E 2 P. LISOS C 02 SUPORTES P BOBINAS","13X100","True"
"S207117","ESTANTE 4 PLANOS PERFURADOS LP INOX 304 - 1600X500X1750","1600X500X1750","True"
"S207122","ESTUFA FRIA BAIXA INOX - 1300X700X1160MM","1300X700X1160","True"
"S207125","REFRIGERADOR HORIZ. 1P DIR TAMPO EM GRANITO 1100X700X900MM","1100X700X900","True"
"S207128","FREEZER HORIZ 2P ESQ TAMPO GRANITO C_CUBA - 1400x700x900MM","1400x700x900","True"
"S207133","APARADOR BASE INOX COM TAMPO GRANITO - 4500x400x1100MM","4500x400x1100","True"
"S207134","ESTAÇÃO SULFISA DE MONTAGEM DE ENCOSTO- REFRIG. 1P. CAB.ESQ. CCAB. REF.P5GN'S-CT.AQUEC. E MESA 1100X800X900MM CROD","1100X800X900","True"
"S207135","PRAT . SOBRE MONT. 3 PLANOS 304 - 1° PLANO P2 GN'S 13X100 E 2 P. LISOS C SUPORTE BISNAGA - 1100X400X1000MM","13X100","True"
"S207136","CONSERVADOR DE FRITURAS AF COM BASE DE APOIO ABERTA","","False"
"S207138","GABINETE DE CANTO MDF C PORTAS E FECHADURA 1000X740X1200MM","1000X740X1200","True"
"S207139","MÓDULO CAIXA EM MDF COM TAMPO DE GRANITO 1100X740X1100 MM","1100X740X1100","True"
"S207140","ESTUFA REFRIGERADA AUTO SERVIÇO INOX 1000X700X1200MM","1000X700X1200","True"
"S207141","ESTUFA REFRIGERADA INOX 1000X700X1200MM COM PORTAS","1000X700X1200","True"
"S207143","EXPOSITOR ALTO PARA PÃES 1000X500X2200MM","1000X500X2200","True"
"S207144","EXPOSITOR ALTO PARA PÃES 500X500X2200MM","500X500X2200","True"
"S207149","ESTANTE  4PLANOS PERFURADOS LP INOX 304 - 850X500X1450 MM","850X500X1450","True"
"S207151","PISTA DUPLA FRIA 1400X590X440MM","1400X590X440","True"
"S207152","PISTA REFRIGERADA PLANA 2000X610X510MM PROT CLED","2000X610X510","True"
"S207153","PISTA AQUECIDA SECA PLANA 4 GN - 1500X610X510MM PROT CLED","1500X610X510","True"
"S207154","REFRIG. BASE COCÇÃO 4 GAV. CAB. DIR. INOXIDÁVELINOXIDÁVEL - 1440X700X600 MM","1440X700X600","True"
"S207155","FOGAO A  GAS GLP 2 QUEIMADORES E BANHO MARIA 4 GN'S L700 720MM","","False"
"S207156","MODULO SOBREPOR REFRIGERADO 12 GN'S 1-9 E 4GN'S 1-4 INOX  700X750X270 MM","700X750X270","True"
"S207166","FUNDO PERFURADO PARA CUBA","","False"
"S207169","TAMPO VINC ENC P REF-FRZ HOR C CUBA DIR 400X340X180-E-220 - INOX 304 -  2500MM","400X340X180","True"
"S207170","REFRIGERADOR BASE DIR. INOXIDAVELINOXIDAVEL-2 PORTAS L 700-1440X700X655 MM","1440X700X655","True"
"S207173","BANCADA DE CENTRO L PRO PRAT LISA-INOX-304- 1500X700X900 MM TAMPO AQUECIDO","1500X700X900","True"
"S207178","CARRO CANTONEIRA  304 720X660X1700 MM P 8 CAIXAS","720X660X1700","True"
"S207181","REFRIGERADOR HORIZONTAL C PORTA E CABEÇOTE 1600X800X900","1600X800X900","True"
"S207182","PRATEL SUP. SOBRE MONTANTES 03 PLANOS INOX 304 1600X400X1000 C SUPORTE GN'S E ETIQUETA LADO DIREITO","1600X400X1000","True"
"S207183","REDUÇÃO PARA DUTOS","","False"
"S207185","CURVA 90 GRAUS -  505X535X300 MM","505X535X300","True"
"S207186","DUTO RETANGULAR 350 - 400X350X300 MM","400X350X300","True"
"S207187","DUTO RETANGULAR 1125 - 400X300X1125 MM","400X300X1125","True"
"S207188","DUTO RETANGULAR 750 - 400X300X750 MM","400X300X750","True"
"S207189","DUTO RETANGULAR 450 - 400X300X450 MM","400X300X450","True"
"S207190","DUTO EM Y 1430X830X300 MM","1430X830X300","True"
"S207191","BANCADA DE ENCOSTO L PRO CONTRAV-INOX-304 1300X700X900 MM C2 FDE ESP LE","1300X700X900","True"
"S207193","COIFA DE ENCOSTO CFILTROS E ILUMINACAO 430 - 3000X1400X450 MM","3000X1400X450","True"
"S207194","MINI CÂMARA REFRIG. 6 PORTAS BP INOX 304 INT.EXT. 1630X800X2230 MM","1630X800X2230","True"
"S207195","VITRINE AQUEC. DE PASSAGEM 2 NÍVEIS INOX 304 1060X570X770 MM","1060X570X770","True"
"S207197","CARRO TRANSP. ESQUEL. 304 500X720X1750 MM P36 BANDEJAS","500X720X1750","True"
"S207199","MODULO EXPOSITOR AQUEC 2GN 1-1-150 C TP 700X1290X1370MM","700X1290X1370","True"
"S207200","MODULO EXPOSITOR AQUEC.5GN 1-1-150 COM TP 1800X1290X1370MM","1800X1290X1370","True"
"S207201","SUPORTE PARA TACOS","","False"
"S207209","BANCADA DE ENTRADASAIDA MAQ. LAVAR -1300X780X900 MM INOX-304 PRAT. LISA","1300X780X900","True"
"S207211","BANCADA L PRO C01 CUBA-304 600X500X330 MM 1000X700X900 MM PRAT LISA","600X500X330","True"
"S207212","GRELHA DE PISO L PRO - 1500X150X75MM","1500X150X75","True"
"S207213","BANCADA DE CENTRO L PRO PRAT 304 1600X700X900X MM C RECORTE P  6 GNS 1-3 E TAMPO AQUECIDO","1600X700X900","True"
"S207214","PRATELEIRA SUP SOBRE MONTANTES 01 PLANO 1800X400X800","1800X400X800","True"
"S207215","FREEZER HORIZONTAL CABINE ESQ INOXALUMINIO-3 PORTAS 2000X700X900 MM CABINE REBAIXADA","2000X700X900","True"
"S207216","TAMPO LISO INOX-304 ENC P_REF_FRZ HORIZ 2150X800MM","2150X800","True"
"S207218","CABECOTE P 08 GN'S REFRI. SUP. DIR HORIZ-1500X380X500MM C TAMPA","1500X380X500","True"
"S207220","REFRIGER VERT INOX 4 PORTAS - 1400X810X2050MM REMOTO","1400X810X2050","True"
"S207221","REFRIGER BASE COCÇÃO 2 GAV. INOX-1250X700X580MM REMOTO","1250X700X580","True"
"S207224","TAMPO LISO INOX-304 ENC. P REF_FRZ HORIZ 1650X750X40MM","1650X750X40","True"
"S207225","FECHAMENTO TRAS P REFRIG INOX 304 - 1650X710MM","1650X710","True"
"S207226","PRATEL SUP LISA SOBRE MONTANTES 2 PLANOS-304-1650X400X800MM","1650X400X800","True"
"S207227","BANCADA DE ENTRADASAIDA MAQ. LAVAR C CBD 50X40X25 - E 400 -900X780X900MM INOX-304 PRAT. LISA","50X40X25","True"
"S207228","ESTAÇÃO DE MONTAGEM CENTRO - REFRIGERADOR 1P. CAB.ESQ. CCAB. REFRIGERADO P9GN'S-CT.AQUEC. CROD 1880X800X900MM","1880X800X900","True"
"S207229","PRATEL SUP LISA SOBRE MONTANTES 2 PLANOS-304- 1880X400X560 2 APOIOS BISNAGAS","1880X400X560","True"
"S207230","COIFA DE ENCOSTO C FILTROS E ILUMINAÇÃO-430- 3360X900X450 MM","3360X900X450","True"
"S207231","GABINETE NEUTRO COM PORTAS DE CORRER  430 - 2000X700X1720 TAMPO CENTRO. ROD E PRAT. SOBRE MONT 3 P COM FECHAMENTO","2000X700X1720","True"
"S207238","BANCADA DE CENTRO L PRO PRAT 430 2000X800X900X MM C RECORTE P  5 GNS 1-3 E TAMPO AQUECIDO","2000X800X900","True"
"S207239","PRAT. SUP LISA SOBRE MONTANTES 2 PLANOS-430  2000X400X800MM C SUPORTES P BISNAGAS","2000X400X800","True"
"S207240","REFRIG BASE COCÇÃO 2 GAV E  01PORTA INOXIDÁVEL-1900X700X580MM","1900X700X580","True"
"S207241","PRATEL SUP LISA SOBRE MONTANTES 1 PLANO-304- 1200X400X800 MM","1200X400X800","True"
"S207242","PRATEL SUP LISA SOBRE MONTANTES 1 PLANO-304- 900X400X800 MM","900X400X800","True"
"S207243","PRATEL SUP LISA SOBRE MONTANTES 1 PLANO-304- 1800X400X800 MM","1800X400X800","True"
"S207244","PRATEL SUP LISA SOBRE MONTANTES 1 PLANO-304- 2000X400X800 MM","2000X400X800","True"
"S207248","COIFA DE ENCOSTO C FILTROS E ILUMINAÇÃO-430- 1260X900X450 MM","1260X900X450","True"
"S207249","REFRIG BASE DIR. INOXIDAVEL_INOXIDAVEL-3 PORTAS L700-1880X700X650MM","1880X700X650","True"
"S207251","ATUALIZAR ESP","","False"
"S207252","CHAPA ELÉTRICA LA 1200MM 1200X680X345MM 220V - 3-4 LISA 1-4 FRISADA","1200X680X345","True"
"S207254","BANCADA DE CENTRO PRAT LISA-INOX-430- 1600X700X900 MM CBANHO MARIA PRAT. SOBRE MONTANTES 2 PLANOS","1600X700X900","True"
"S207256","COIFA DE ENCOSTO SFILTROS SILUMINAÇÃO-INOX-304 -1200X1700X450 MM","1200X1700X450","True"
"S207259","CABECOTE P5 GNS REFRI. SOBREPOR CMOTOR INOX 430 -1320X420X335MM SEM TAMPA","1320X420X335","True"
"S207260","TAMPO LISO INOX-304 ENC P_REF_FRZ HORIZ 2150X800MM","2150X800","True"
"S207261","BANDEJA INOX 304 - 200X400X15MM","200X400X15","True"
"S207262","GUICHE PARA DEVOLUCAO 1 BOX FECHAMENTO SUPERIOR E INFERIOR - 800X400X480 MM","800X400X480","True"
"S207264","GRELHA DE PISO L PRO 2000X165X750 MM C PUXADOR","2000X165X750","True"
"S207265","GRELHA DE PISO  - 1000X165X750 MM COM PUXADOR PARA GRELHA","1000X165X750","True"
"S207266","GABINETE NEUTRO DE CENTRO-INOX-304- 1200X700X900 MM PRAT. SOBRE MONT. 2 PLANOS - 1° PLANO C SUPORTE P TALHERES","1200X700X900","True"
"S207267","MODULO REFRIGERADO P4GNS 11X65MM - 1530X1205X1420MM GABINETE E C 2 CORRE BANDEJAS LISOS","11X65","True"
"S207269","BANCADA L PRO C01 CBE-304 60X50X50- E 550 -1900X700X900 MM C PRAT. LISA E ESP LDE","60X50X50","True"
"S207275","COIFA DE ENCOSTO CFILTROS E ILUMINACAO-304- 3400X900X450 MM","3400X900X450","True"
"S207277","GRELHA DE PISO L PRO 1980X165X750 MM C PUXADOR","1980X165X750","True"
"S207278","GRELHA DE PISO  - 980X165X750 MM COM PUXADOR PARA GRELHA","980X165X750","True"
"S207282","MODULO LIXEIRA PORTA BASCULANTE E PEDAL","","False"
"S207283","REFRIG. HORIZ.DIR INOXIDÁVEL-3P-2000X700X900MM TMP ENC. C CAB 10GN'S 1_6X65MM","2000X700X900","True"
"S207285","MODULO CUBA - 304 DE GELO 700X700900 COM TAMPA","700X7009","True"
"S207286","GRELHA DE PISO L PRO-800X150X75 MM C SAIDA CENTRAL","800X150X75","True"
"S207287","CUBA DE GELO 304 COM ISOLANTE 200X400X200MM","200X400X200","True"
"S207288","PRATELEIRA SUP. TUBULAR L PRO-INOX-304 - 2200X400 MM","2200X400","True"
"S207290","MODULO CUBA DE GELO COM ISOLAMENTO - 400X680X250","400X680X250","True"
"S207291","PORTA CONDIMENTOS E UTENSILIOS 304 - 200X680X250MM","200X680X250","True"
"S207292","GABINETE NEUTRO ABERTO - INOX 304 - 900X700X900 MM C TAMPO DE CENTRO","900X700X900","True"
"S207293","EST MANIPULAÇÃO REFRIG CAB DIR CENTRO 2P INOXIDAVEL-1530X700X1050MM CAB 8GN'S 1_3","1530X700X1050","True"
"S207294","PRAT SUP LISA SOBRE MONT ESQ 3 PL 304 1890X450X1045MM C SUP BISN","1890X450X1045","True"
"S207295","EST MANIPULAÇÃO REFRIG CAB ESQ CENTRO 2P INOXIDAVEL-1500X700X1050MM CAB 5GN'S 1_3","1500X700X1050","True"
"S207297","PRATEL SUP TUBULAR L PRO INOX 304 - 1200X400 (6 TUBOS)","1200X400","True"
"S207298","SUPORTE PARA CESTO DE FRITURA INOX 304 - 1200X100","1200X100","True"
"S207300","GUICHE PARA DEVOLUCAO 4 BOX-1640X400X800mm","1640X400X800","True"
"S207301","PLATIBANDA LISA INOX 304 920X300X30MM","920X300X30","True"
"S207305","ESTANTE 4 PLANOS PERFURADOS LP INOX 304 - 900X400X1750MM","900X400X1750","True"
"S207306","BANCADA DE ENCOSTO L PRO CONTRAV INOX-304 - 700X700X900 MM COM FURA PARA DETRITO","700X700X900","True"
"S207307","ESTANTE 6 PLANOS PERFURADOS LP INOX 304 - 600X750X2060","600X750X2060","True"
"S207308","ESTANTE 6 PLANOS PERFURADOS LP INOX 304 - 800X750X2060","800X750X2060","True"
"S207312","PRATEL SUP. SOBRE MONTANTES 03 PLANOS INOX 304 1600X400X1000 C SUPORTE GN'S E ETIQUETA","1600X400X1000","True"
"S207313","ESTAÇÃO DE MONTAGEM CENTRO - REFRIGERADOR 1P. CAB.ESQ. CCAB. REFRIGERADO P5GN'S-CT.AQUEC. CROD 1600X800X900MM","1600X800X900","True"
"S207315","MODULO C GAVETA PARA MASSA PIZZA 304 - 500X690X845MM","500X690X845","True"
"S207318","REFRIG HORIZ 3P CAB. DIR. INOXIDÁVEL - 2500X700X1050MM C_TMP C CUBA RED. E PISTA REFRIG","2500X700X1050","True"
"S207321","DUTO BICO DE FLAUTA Ø 500X650MM","500X650","True"
"S207323","COIFA DE ENCOSTO CFILTROS E ILUMINAÇÃO - INOX 430 - 1520X900X450","1520X900X450","True"
"S207324","FREEZER VERT 2 PORTAS BI-P INOXIDÁVEL - 700x800xX2050mm PORTA INVERTIDA","700x800","True"
"S207325","BANCADA DE CENTRO L PRO PRAT LISA-INOX 430- 1600X700X900 MM C RECORTES P 5 GN'S  TAMPO AQUECIDO COM BANDEJAS COLETORAS","1600X700X900","True"
"S207327","BANCADA LP-304 APOIO FORNO.COM. SOLDADO-TAMPO CTO 860X700X700 C ROD","860X700X700","True"
"S207329","GAVETA AQUECIDA 500X600X205MM","500X600X205","True"
"S207331","GABINETE NEUTRO COM PORTAS DE CORRER TAMPO DE ENC. - INOX 304 - 1000X500X900","1000X500X900","True"
"S207334","BANCADA ENC. 1 PRAT LISA 304-1600X800X900MM TAMPO AQUEC. CRECORTE P5GN 14-03 BANDEJAS COLETORAS PRAT. PARCIAL EMBALA","1600X800X900","True"
"S207344","GUICHE PARA DEVOLUÇÃO 1 BOX - 910X200X520","910X200X520","True"
"S207345","TANQUE 100X1000X200 M - 01 CUBA ESP LD","100X1000X200","True"
"S207346","GRELHA DE PISO L PRO 800X150X75 MM C SAIDA LATERAL","800X150X75","True"
"S207349","GABINETE  NEUTRO ABERTO - INOX 304 - 1000X700X900 MM COM CANTONEIRAS E LIXEIRA ESQ BASCULANTE COM PEDAL","1000X700X900","True"
"S207350","BANHO MARIA ELÉTRICO 3 GN's 700X400X216MM","700X400X216","True"
"S207351","EST MANIPULAÇÃO REFRIG CAB ESQ CENTRO 2P INOXIDAVEL-1530X700X1050MM CAB 8GN'S 1_3","1530X700X1050","True"
"S207352","GABINETE  NEUTRO ABERTO - INOX 304 - 1000X700X900 MM COM CANTONEIRAS E LIXEIRA DIR BASCULANTE COM PEDAL","1000X700X900","True"
"S207353","PRAT SUP LISA SOBRE MONT DIR 3 PL 304 1890X450X1045MM C SUP BISN","1890X450X1045","True"
"S207354","GABINETE NEUTRO ABERTO COM LIXEIRA INOX 304 PORTA BASCULANTE E PEDAL 400X700X900 MM","400X700X900","True"
"S207355","PRAT SUP LISA SOBRE MONT DIR 2 PL 304 1980X450X890MM C SUP BISN","1980X450X890","True"
"S207358","PLATIBANDA LISA INOX 304 600X300X30MM","600X300X30","True"
"S207360","ESTANTE 4 PLANOS LISOS LP INOX 430 - 800X400X1750","800X400X1750","True"
"S207362","PRAT. SOBRE MONT. 3 PLANOS INOX 430 - 1 PLANO C SUPORTE P BISNAGA E 2 P LISO 1600X400X1270","1600X400X1270","True"
"S207363","BANHO MARIA ELÉTRICO 4 GN's 880X400X216MM","880X400X216","True"
"S207364","MODULO CUBA DE GELO 304 C_DRENO 300X500X300MM","300X500X300","True"
"S207365","PLATIBANDA INOX 304 C_PRAT SOBRE MONTANTES 2 PL 2300X400X800MM","2300X400X800","True"
"S207366","FREEZER HORIZONTAL 4 P CAB. ESQ. INOXIDÁVEL - 2500X700X900 MM","2500X700X900","True"
"S207368","GABINETE NEUTRO 2P 304 TAMPO CENTRO ESTENDIDO AQUEC 1770X1100X900 B. MARIA. 1 GN 12 E 2GN NEUTRAS C3 PARES CANTON ESQ","1770X1100X900","True"
"S207369","GABINETE NEUTRO ABERTO 430 - 1100X600X1860MM TAMPO CENTRO C NICHO P EMBALAGENS E HEAT LAMP","1100X600X1860","True"
"S207370","TANQUE 1000X1000X200 - 01 CUBA ESP LE","1000X1000X200","True"
"S207371","CHAPA A GAS L700 720MM GN 720X750X270MM C SAPATAS ALUMINIO","720X750X270","True"
"S207372","CHAR BROILER A GAS L700 720 MM C SAPATAS ALUMINIO","","False"
"S207373","REF. HOR. 1 P. CAB. ESQ. C CAB. REF. P 5 GN'S-C T. AQUEC. E MESA 1600MM C ROD","","False"
"S207374","REFRIG BASE DIR INOXIDÁVEL-6 GAV L700-200X700X660MM","200X700X660","True"
"S207376","FRUTEIRA DE PAREDE 430 - 750X400X300","750X400X300","True"
"S207380","REFRIG. BASE ESQ INOXIDÁVEL-4 GAV. 1 PT - 1880X700X660MM","1880X700X660","True"
"S207381","COIFA ENC C FILTROS C ILUMINAÇÃO - INOX-430 - 4000X1200X450MM BI P","4000X1200X450","True"
"S207382","REVESTIMENTO DE PAREDE 4700X1250MM INOX 430","4700X1250","True"
"S207384","ESCORREDOR DE PRATOS 430 950X350X190MM","950X350X190","True"
"S207386","DUTO EM 45° P LIGAÇÃO NO EXAUSTOR","","False"
"S207387","BANCADA ESQUEL DE CENTRO L PRO PRAT LISA 430 - 1300X800X900","1300X800X900","True"
"S207400","GUICHE PARA DEVOLUÇÃO DE BANDEJAS 2 BOXES, SEGUNDO BOX A 300MM - INOX 430 - 800X400X600","800X400X600","True"
"S207407","GUICHE PARA DEVOLUCAO 304 - 5 BOX-2000X400X480 MM","2000X400X480","True"
"S207418","GABINETE NEUTRO C PORTAS 304-1100X1100X900 TAMPO CENTRO AQUEC C BANHO MARIA 3GN 1-3 E 1 GN NEUTRA","1100X1100X900","True"
"S207419","SUPORTE P 12 BISNAGAS VERT. INOX 600X150X500","600X150X500","True"
"S207420","PRAT. SOBRE MONT. 2 PLANOS 304 - 1 PLANO 5GN 1-3 1 PLANO LISO C SUPORTE P ROLO DE ETIQUETA 1100X400X560MM","1100X400X560","True"
"S207421","MODULO ESCORREDOR  430 P SAIDA LINHA DE MONTAGEM FASTFOOD C PRATELEIRAS INTERM C PORT EMBALAGEM 600X1100X830","600X1100X830","True"
"S207422","BANCADA DE CENTRO PRAT. INF LISA - 600X1100X900","600X1100X900","True"
"S207430","PRATL SUP LISA L PRO-INOX-304  - 700X500 MM","700X500","True"
"S207431","BANCADA CENTRO PRAT. LISA C BANHO MARIA P6GN 1_3X150MM-1800X900X900MM PRAT. S MONT 1 PL","1800X900X900","True"
"S207438","BANCAD ADE ENTRADASAIDA MAQ. LAVAR 1250X780X900MM INOX-304 C PRAT. PERF","1250X780X900","True"
"S207439","FREEZER HORIZ. 3P CAB. ESQ. INOXIDÁVEL 2000X700X860 MM C_ROD","2000X700X860","True"
"S207447","MODULO NEUTRO LA COM 1  GAV - LDE COM 30MM","","False"
"S207448","GUICHE PARA DEVOLUÇÃO DE BANDEJAS 2 BOXES, SEGUNDO BOX A 300MM - INOX 430 - 800X400X600","800X400X600","True"
"S207451","GRELHA DE PISO L PRO - 1000X150 X 75 MM C SAIDA INFERIOR","1000X150 X 75","True"
"S207452","GRELHA DE PISO L PRO - 1000X150 X 75 MM C SAIDA LATERAL","1000X150 X 75","True"
"S207453","PRATL SUP LISA L PRO-INOX-304  - 600X500 MM","600X500","True"
"S207454","ESTANTE 4 PLANOS LISOS LP INOX 430 - 900X400X1900MM","900X400X1900","True"
"S207456","CONDIMENTADORA NEUTRA INOX 304 P 4 GN'S 13 INCLINADO 800X370X130MM","800X370X130","True"
"S207458","SUPORTE PARA BISNAGAS INOX 304 - COM CAPACIDADE PARA 4 BISNAGAS","","False"
"S207459","BANCADA CENTRO TAMPO AQUEC PARC L PRO 2 PRAT INF LISA-INOX 430-1300X750X900MM","1300X750X900","True"
"S207460","PRAT SUP LISA S MONT 1 PL-304-1300X400X500MM C SUP P 2 BISN E 3 PIST MOLHO","1300X400X500","True"
"S207461","CONSERVADO DE FRITURAS C GABINETE FECHADO 1000 X 700 X 1565 MM","1000 X 700 X 1565","True"
"S207463","ESTAÇÃO CENTRAL REF. ESQ. 2GAV CAB. REF. 5GNS-T.AQ. 1880MMX930MM ROD PRAT. S MONT. 3 PL 4GNS B M","","False"
"S207465","REFRIG BASE COCÇÃO LA 1 GAV. CAB.DIR. INOXIDAVEL TAMPO EXTENDIDO-1450X700X580MM","1450X700X580","True"
"S207469","CARRO TRANSP. ESQUEL. 430 720X660X900 MM P-4 CAIXAS","720X660X900","True"
"S207473","GAVETA EM AÇO INOX 430 - SUPORTE CONSERVADOR DE PROTEÍNAS","","False"
"S207474","PRATELEIRA INOX 430 411X700X40MM LISA. - MAO FRANC. C RECORTE","411X700X40","True"
"S207477","COIFA DE ENCOSTO C FILTROS E ILUMINAÇÃO 430 200X850X450","200X850X450","True"
"S207478","PRATEL SUP LISA SOBRE MONTANTES 2 PLANOS-304-920X300X800 MM","920X300X800","True"
"S207479","PRATEL SUP LISA SOBRE MONTANTES 2 PLANOS-304-600X300X800 MM","600X300X800","True"
"S207484","REFRIG BASE COCÇÃO 3 GAV. INOXIDÁVEL-1900X780X580MM TMP ESTEND 1900X780MM","1900X780X580","True"
"S207488","PIA 430 2000X700X850-PRAT LISA - MESA DE ENC + GAVETA + MESA CENTRO 600MM FECH. TRASEIRO + DE ENC CBD 40X34X18","2000X700X850","True"
"S207491","BANCADA DE CENTRO L PRO 01 PRAT LISA INOX 304 C RECORTE P 8 GNS TAMPO AQUECIDO C BANDEJAS COLETORAS 1600X1100X900","1600X1100X900","True"
"S235","PRATELEIRA GRAD  LC 430 - 1900X400","1900X400","True"
"S311","MESA INOX 430 1,00 X 0,70 X 0,85 - LISA - PRAT. LISA","","False"
"S321","MESA INOX 430 1,20 X 0,70 X 0,85 - LISA - PRAT. LISA","","False"
"S331","MESA INOX 430 1,50 X 0,70 X 0,85 - LISA - PRAT. LISA","","False"
"S385","PRATELEIRA GRAD  LC 430 - 1500X400","1500X400","True"
"S390","CARRO PLATAFORMA 430  1 PLANO 900X600X900","900X600X900","True"
"S392","CARRO AUX 430 - 2 PLANOS C APARADOR 530X780X9000","530X780X9000","True"
"S393","CARRO AUX 304 - 2 PLANOS C APARADOR 530X780X9000","530X780X9000","True"
"S394","CARRO AUX 430 - 3 PLANOS C APARADOR 530X780X9000","530X780X9000","True"
"S395","CARRO AUX 304 - 3 PLANOS C APARADOR 530X780X9000","530X780X9000","True"
"S399","CARRO P DETRITOS 80L C PEDAL INOX-304 - 400X400X700","400X400X700","True"
"S412","SUPORTE PARA MAQUINA DE LAVAR NT 200 COM PRAT LISA","","False"
"S417","CARRO CANTONEIRA 430 0,48X0,62X1,6M P20 GN'S","","False"
"S433","MESA 430 CENTRO PRAT LISA 1900X700X850 COM CASQUILHO","1900X700X850","True"
"S711","FOGÃO IND. INOX 6 BOCAS 30X30 P7 6QD - CENTRO","30X30","True"
"S722","FOGAO IND. INOX 2 BC EM LINHA 30X30 P7 2QD - ENC","30X30","True"
"S723","FOGAO IND. INOX 3 BC EM LINHA 30X30 P7 3QD - ENC. GÁS GLP","30X30","True"
"S725","FOGAO IND. INOX 6 BC 30X30 P7 6QD - ENC","30X30","True"
